Roll,Accelerometer Roll,Gyro Roll
-0.0,2.12,-0.01
-0.03,2.35,-0.03
-0.05,2.83,-0.05
-0.07,2.26,-0.07
-0.09,2.49,-0.09
-0.1,1.87,-0.11
-0.13,2.18,-0.13
-0.16,2.84,-0.17
-0.21,3.5,-0.22
-0.24,2.84,-0.27
-0.28,2.51,-0.31
-0.32,2.01,-0.35
-0.36,3.1,-0.4
-0.39,2.28,-0.44
-0.42,4.2,-0.49
-0.46,3.21,-0.54
-0.49,2.91,-0.58
-0.52,2.89,-0.63
-0.55,2.93,-0.68
-0.58,2.46,-0.72
-0.61,2.54,-0.77
-0.64,2.88,-0.82
-0.67,2.55,-0.87
-0.71,1.84,-0.92
-0.74,2.57,-0.97
-0.76,3.78,-1.02
-0.79,2.74,-1.08
-0.81,2.35,-1.12
-0.82,2.87,-1.16
-0.84,3.0,-1.21
-0.85,3.43,-1.26
-0.87,2.82,-1.31
-0.88,2.45,-1.36
-0.9,2.2,-1.4
-0.93,0.03,-1.44
-0.95,1.33,-1.49
-1.0,0.85,-1.56
-1.12,-7.18,-1.61
-1.25,-7.69,-1.68
-1.26,4.28,-1.75
-1.26,3.69,-1.81
-1.43,7.56,-2.09
-2.1,18.38,-2.99
-3.16,12.45,-4.25
-4.5,7.52,-5.74
-5.39,6.54,-6.79
-6.44,-2.82,-7.89
-8.06,-14.69,-9.42
-10.83,-29.95,-11.95
-14.38,-52.27,-14.97
-16.11,14.88,-17.14
-17.69,18.08,-19.25
-20.01,-21.33,-21.56
-22.65,-30.35,-24.09
-24.3,-30.04,-25.66
-24.97,-15.12,-26.49
-25.66,-22.48,-27.24
-26.35,-28.74,-27.9
-27.02,-25.26,-28.6
-27.94,-28.04,-29.54
-29.08,-36.22,-30.55
-30.36,-41.61,-31.64
-31.89,-46.77,-32.89
-32.94,-30.83,-33.98
-34.0,-29.41,-35.13
-35.18,-32.27,-36.38
-36.22,-31.18,-37.51
-37.65,-34.5,-39.02
-39.22,-42.09,-40.53
-40.89,-41.96,-42.19
-43.3,-45.45,-44.55
-45.42,-45.63,-46.68
-47.34,-48.02,-48.58
-49.0,-47.49,-50.29
-50.41,-44.47,-51.83
-51.8,-44.21,-53.4
-53.16,-47.41,-54.9
-54.4,-49.24,-56.27
-55.75,-59.85,-57.53
-57.03,-57.67,-58.8
-58.08,-54.62,-59.94
-59.04,-53.02,-61.06
-60.19,-53.16,-62.39
-61.23,-58.98,-63.5
-62.32,-61.88,-64.62
-63.53,-64.42,-65.82
-65.01,-73.06,-67.1
-66.22,-72.07,-68.18
-67.5,-69.56,-69.41
-68.63,-69.89,-70.51
-69.66,-65.14,-71.67
-70.55,-64.19,-72.74
-71.43,-65.79,-73.79
-72.55,-74.76,-74.86
-73.64,-79.26,-75.81
-74.55,-77.39,-76.65
-75.51,-76.99,-77.58
-76.46,-76.19,-78.55
-77.32,-74.62,-79.5
-78.16,-74.87,-80.44
-78.8,-74.74,-81.2
-79.54,-75.21,-82.08
-80.44,-81.58,-82.96
-81.42,-81.13,-83.96
-82.51,-83.89,-85.02
-83.64,-79.98,-86.28
-84.63,-79.71,-87.43
-85.59,-79.39,-88.59
-86.75,-80.69,-89.94
-88.07,-83.18,-91.43
-89.07,-80.83,-92.7
-90.35,-87.47,-94.09
-91.45,-84.69,-95.42
-92.43,-83.72,-96.69
-93.25,-84.75,-97.8
-93.98,-87.29,-98.77
-94.53,-86.53,-99.6
-94.93,-88.02,-100.25
-94.98,-81.06,-100.78
-94.93,-77.58,-101.32
-95.0,-77.07,-102.01
-94.92,-75.46,-102.59
-94.93,-77.03,-103.23
-94.99,-78.01,-103.92
-95.0,-78.11,-104.54
-95.07,-78.62,-105.22
-95.1,-75.56,-105.96
-94.98,-73.76,-106.63
-94.9,-73.87,-107.34
-94.75,-73.48,-108.0
-94.63,-76.09,-108.59
-94.45,-76.26,-109.14
-94.16,-76.07,-109.58
-93.77,-74.37,-109.96
-93.3,-72.87,-110.32
-92.84,-74.04,-110.64
-92.21,-72.23,-110.84
-91.26,-69.67,-110.77
-90.29,-74.72,-110.5
-89.1,-73.52,-110.02
-88.07,-77.66,-109.51
-86.78,-75.85,-108.8
-85.4,-73.88,-108.0
-84.01,-74.14,-107.13
-82.48,-75.91,-106.03
-80.77,-76.12,-104.7
-79.53,-80.03,-103.64
-78.08,-77.75,-102.4
-76.47,-81.52,-100.85
-75.06,-82.15,-99.38
-73.41,-82.58,-97.63
-71.93,-83.49,-95.93
-70.1,-80.71,-93.93
-68.49,-79.08,-92.14
-66.94,-78.62,-90.37
-65.58,-77.62,-88.76
-64.12,-80.29,-86.94
-63.12,-78.83,-85.56
-62.04,-76.36,-84.14
-60.43,-70.42,-82.35
-58.87,-66.09,-80.69
-57.49,-67.81,-79.09
-55.96,-69.56,-77.25
-54.62,-70.77,-75.5
-53.61,-69.31,-74.08
-52.41,-65.84,-72.54
-50.96,-58.66,-70.94
-49.7,-57.82,-69.53
-48.79,-57.73,-68.43
-47.98,-62.16,-67.24
-47.01,-59.85,-65.95
-46.33,-62.77,-64.81
-45.64,-57.18,-63.81
-44.88,-51.98,-62.89
-44.34,-48.76,-62.31
-43.78,-47.17,-61.71
-43.09,-43.42,-61.09
-42.47,-47.11,-60.39
-41.86,-50.39,-59.58
-41.45,-52.16,-58.89
-41.37,-54.37,-58.43
-41.24,-51.65,-58.02
-40.75,-43.37,-57.51
-40.23,-42.18,-56.98
-39.59,-41.14,-56.35
-38.87,-40.46,-55.65
-38.31,-42.96,-55.0
-37.89,-44.54,-54.42
-37.57,-42.3,-53.99
-37.23,-39.78,-53.62
-36.79,-35.11,-53.29
-36.5,-41.78,-52.89
-36.28,-42.78,-52.5
-36.0,-41.56,-52.08
-35.53,-36.58,-51.63
-34.95,-33.88,-51.14
-34.44,-37.8,-50.56
-33.94,-40.58,-49.89
-33.48,-38.36,-49.3
-32.85,-32.98,-48.72
-32.14,-32.77,-48.03
-31.76,-37.92,-47.49
-31.64,-40.67,-47.1
-31.7,-42.6,-46.82
-31.59,-37.43,-46.55
-31.42,-36.25,-46.25
-31.02,-34.47,-45.77
-30.3,-27.03,-45.18
-29.38,-25.96,-44.42
-28.4,-26.31,-43.55
-27.53,-28.34,-42.68
-26.6,-29.93,-41.67
-26.02,-33.84,-40.85
-25.6,-34.57,-40.15
-25.24,-32.51,-39.57
-24.76,-30.48,-38.92
-24.18,-25.88,-38.3
-22.7,-3.94,-37.49
-21.2,-6.87,-36.51
-20.76,-29.81,-35.78
-20.22,-29.98,-34.95
-19.93,-27.6,-34.41
-19.8,-25.38,-34.11
-19.85,-27.59,-33.92
-19.4,-14.35,-33.66
-18.5,-6.68,-33.19
-17.72,-13.52,-32.57
-16.91,-16.82,-31.79
-16.36,-20.89,-31.12
-16.0,-22.84,-30.55
-15.86,-24.63,-30.13
-15.75,-19.44,-29.91
-15.29,-9.96,-29.65
-14.52,-3.16,-29.29
-13.73,-5.07,-28.81
-13.26,-15.19,-28.31
-13.02,-18.41,-27.91
-12.73,-14.7,-27.57
-12.43,-15.98,-27.18
-12.47,-18.15,-27.05
-12.49,-15.2,-26.99
-12.37,-12.45,-26.89
-12.09,-9.8,-26.71
-11.81,-9.69,-26.51
-11.3,-7.87,-26.15
-10.59,-4.24,-25.68
-9.78,-4.01,-25.08
-8.94,-5.62,-24.38
-8.19,-9.27,-23.61
-7.51,-12.98,-22.77
-6.61,-5.96,-21.92
-5.69,-4.63,-21.06
-4.04,10.09,-19.91
-1.66,7.81,-17.88
-1.22,-18.37,-16.89
-0.62,29.05,-17.32
-0.04,12.93,-17.21
0.04,-11.08,-16.8
0.43,0.89,-16.46
0.86,-0.13,-16.03
1.38,5.7,-15.69
1.65,6.86,-15.62
1.89,3.44,-15.47
2.24,2.61,-15.17
2.89,9.44,-14.76
3.47,1.81,-14.17
4.66,3.6,-12.98
5.81,3.36,-11.8
6.4,2.05,-11.1
6.99,9.66,-10.63
7.6,12.84,-10.22
8.17,6.44,-9.64
8.83,16.15,-9.25
9.5,11.84,-8.69
10.14,8.41,-8.03
10.78,12.47,-7.49
11.36,10.78,-6.94
12.05,11.4,-6.26
13.02,17.72,-5.48
14.05,13.36,-4.48
14.92,18.61,-3.76
15.87,13.95,-2.8
16.67,21.42,-2.19
17.28,18.58,-1.66
17.83,17.65,-1.16
18.55,19.94,-0.52
19.46,24.27,0.19
20.4,21.46,1.06
21.33,22.39,1.9
22.33,24.81,2.78
23.41,28.02,3.67
24.54,29.82,4.59
25.59,28.51,5.51
26.86,29.7,6.64
28.14,25.9,7.94
29.5,30.58,9.2
30.63,33.59,10.2
31.45,33.64,10.91
32.4,37.02,11.65
33.5,38.84,12.53
34.35,39.02,13.18
35.19,39.36,13.83
36.06,39.19,14.54
36.8,39.82,15.12
37.59,39.78,15.78
38.2,39.1,16.31
38.85,41.63,16.81
39.58,41.25,17.42
40.26,43.92,17.92
40.8,44.2,18.29
41.25,43.6,18.6
41.65,43.3,18.88
42.15,46.08,19.19
42.63,46.49,19.49
43.1,46.57,19.79
43.65,46.43,20.17
44.21,46.71,20.58
44.71,45.79,20.98
45.26,45.57,21.45
45.8,47.76,21.85
46.09,45.69,22.08
46.55,48.56,22.4
47.02,50.7,22.68
47.62,52.42,23.06
48.53,54.54,23.7
49.53,54.76,24.46
50.41,50.73,25.26
51.25,53.51,25.94
52.07,52.7,26.66
52.68,53.48,27.16
53.37,56.99,27.66
54.04,58.57,28.11
54.96,59.29,28.81
55.93,62.42,29.49
56.81,61.37,30.15
57.64,57.8,30.87
58.38,57.74,31.55
58.93,55.62,32.11
59.55,57.52,32.71
60.14,58.39,33.26
60.83,66.11,33.71
61.76,69.34,34.31
62.65,68.91,34.91
63.48,69.14,35.48
64.16,64.82,36.04
64.84,60.52,36.75
65.56,67.53,37.33
66.29,64.81,38.0
66.93,68.91,38.51
67.65,69.15,39.08
68.69,73.52,39.86
69.81,79.67,40.59
71.13,75.78,41.66
72.67,78.68,42.92
73.85,71.74,44.06
75.02,68.56,45.33
76.28,72.36,46.61
77.88,78.84,48.09
79.67,82.24,49.69
81.06,84.49,50.88
82.57,84.32,52.24
83.85,85.45,53.37
85.89,83.65,55.37
87.22,87.07,56.61
87.96,80.59,57.48
88.58,86.51,58.06
88.86,88.62,58.27
88.98,85.1,58.4
88.95,81.21,58.52
89.07,77.63,58.9
89.17,81.39,59.16
89.31,83.66,59.39
89.48,86.94,59.54
89.61,88.08,59.64
89.62,87.37,59.65
89.69,88.85,59.66
89.68,84.93,59.7
89.64,82.0,59.83
89.6,83.14,59.91
89.36,80.51,59.87
89.1,81.09,59.78
88.87,85.33,59.59
88.76,88.62,59.41
88.6,88.88,59.17
88.28,86.42,58.83
88.0,86.75,58.53
87.53,84.32,58.09
86.99,83.4,57.59
86.37,81.28,57.06
85.68,84.57,56.33
85.06,86.75,55.6
84.53,87.44,54.91
83.91,85.74,54.16
83.29,85.55,53.4
82.75,85.27,52.71
81.93,83.08,51.79
81.13,84.85,50.8
80.16,84.49,49.62
79.12,79.96,48.48
78.23,79.88,47.47
77.55,78.33,46.69
76.89,78.45,45.9
76.4,78.68,45.26
75.81,78.32,44.52
74.97,77.93,43.51
74.13,79.47,42.44
73.01,77.03,41.11
71.94,75.51,39.84
70.91,70.66,38.75
69.88,72.7,37.54
68.7,73.99,36.11
67.87,68.83,35.17
67.17,72.58,34.22
66.43,73.84,33.16
65.31,63.57,32.01
64.28,68.78,30.75
63.01,62.73,29.4
61.64,54.03,28.18
60.24,58.85,26.74
58.57,59.12,24.96
57.37,63.03,23.51
55.77,53.58,21.88
54.45,57.53,20.38
52.89,54.95,18.67
51.44,49.62,17.19
49.97,45.71,15.76
48.47,46.07,14.25
46.16,45.6,11.86
44.46,43.39,10.12
42.56,40.59,8.2
40.59,38.75,6.2
38.25,32.8,3.96
34.45,-9.31,1.43
33.07,60.59,-0.87
31.12,31.28,-2.9
28.63,21.81,-5.25
27.1,30.73,-6.97
25.5,20.83,-8.5
24.27,21.59,-9.73
23.29,19.46,-10.66
22.01,15.55,-11.82
20.85,13.95,-12.84
19.71,12.89,-13.83
18.64,13.59,-14.81
17.72,13.11,-15.65
16.77,13.75,-16.58
15.87,13.54,-17.48
15.06,10.74,-18.22
14.31,10.53,-18.91
13.45,7.64,-19.65
12.56,5.84,-20.39
11.58,4.33,-21.19
10.58,4.87,-22.06
9.47,6.98,-23.15
8.85,7.3,-23.77
8.17,6.95,-24.46
7.49,1.99,-25.01
6.75,0.17,-25.59
5.74,-1.59,-26.42
4.77,-2.43,-27.21
3.79,-5.71,-27.93
2.93,-4.9,-28.59
1.83,-2.74,-29.58
0.97,-2.34,-30.37
0.17,-1.72,-31.15
-1.34,-3.85,-32.61
-2.63,-0.95,-33.99
-3.32,-9.68,-34.52
-4.08,-12.64,-35.04
-4.76,-12.58,-35.5
-5.33,-9.14,-35.99
-5.76,-8.08,-36.37
-6.17,-8.33,-36.74
-6.73,-8.24,-37.28
-8.18,-11.6,-38.65
-9.24,-15.99,-39.52
-11.1,-19.91,-41.11
-12.43,-16.26,-42.34
-14.09,-19.32,-43.85
-14.97,-14.84,-44.75
-15.88,-17.8,-45.62
-16.95,-21.03,-46.57
-18.49,-23.99,-47.95
-19.6,-27.56,-48.81
-20.99,-29.76,-49.93
-23.06,-29.17,-51.8
-24.28,-24.06,-53.03
-25.25,-28.09,-53.91
-26.2,-28.55,-54.79
-27.26,-34.71,-55.61
-28.16,-32.83,-56.35
-29.13,-33.87,-57.16
-30.14,-34.22,-58.03
-31.37,-31.94,-59.24
-32.84,-28.56,-60.85
-34.89,-34.74,-62.9
-36.86,-36.31,-64.89
-38.67,-41.33,-66.6
-40.16,-46.28,-67.88
-41.37,-42.08,-69.06
-42.77,-57.78,-69.95
-43.68,-46.99,-70.73
-44.58,-46.96,-71.54
-45.45,-46.22,-72.36
-46.4,-46.11,-73.31
-47.48,-52.45,-74.2
-48.53,-53.31,-75.08
-49.55,-52.87,-75.97
-50.52,-50.51,-76.91
-51.41,-50.7,-77.82
-52.17,-48.57,-78.67
-53.0,-48.51,-79.64
-54.05,-53.59,-80.69
-55.1,-53.54,-81.78
-56.58,-58.08,-83.19
-58.63,-61.05,-85.14
-61.23,-56.78,-87.88
-63.67,-57.37,-90.52
-65.84,-52.34,-93.14
-68.24,-73.64,-95.34
-70.1,-73.89,-97.06
-71.75,-80.98,-98.38
-73.25,-82.03,-99.56
-74.38,-81.98,-100.42
-75.17,-74.49,-101.21
-75.88,-73.08,-101.99
-76.59,-73.13,-102.8
-77.14,-74.15,-103.44
-77.7,-75.11,-104.07
-78.55,-79.85,-104.85
-79.53,-86.12,-105.59
-80.48,-84.64,-106.37
-81.34,-84.21,-107.11
-82.13,-82.69,-107.86
-82.85,-80.27,-108.65
-83.49,-79.43,-109.41
-84.13,-80.1,-110.17
-84.92,-84.98,-110.94
-85.73,-86.68,-111.7
-86.58,-85.83,-112.56
-87.34,-86.58,-113.32
-88.16,-85.64,-114.21
-88.85,-83.72,-115.06
-89.39,-84.73,-115.75
-90.25,-88.71,-116.65
-90.72,-83.74,-117.36
-91.29,-85.36,-118.12
-92.1,-85.99,-119.14
-93.11,-88.31,-120.32
-94.02,-85.17,-121.54
-95.89,-80.1,-123.97
-97.18,-81.96,-125.8
-98.21,-87.65,-127.22
-98.84,-78.95,-128.56
-99.6,-73.76,-130.26
-99.94,-69.25,-131.73
-100.12,-74.09,-132.87
-99.87,-72.71,-133.65
-99.67,-72.64,-134.48
-99.44,-73.45,-135.26
-99.22,-72.55,-136.07
-98.93,-71.2,-136.87
-98.67,-67.6,-137.83
-98.33,-70.01,-138.61
-97.91,-69.85,-139.33
-97.55,-67.87,-140.17
-97.31,-72.0,-141.0
-97.0,-67.69,-141.9
-96.78,-67.84,-142.9
-96.29,-64.1,-143.74
-95.66,-63.7,-144.45
-94.98,-64.62,-145.08
-94.2,-65.46,-145.54
-93.57,-65.82,-146.15
-92.94,-65.0,-146.78
-92.46,-62.82,-147.62
-92.03,-61.12,-148.58
-91.55,-60.54,-149.49
-90.99,-60.99,-150.31
-90.33,-60.78,-150.98
-89.72,-61.84,-151.73
-89.06,-72.56,-152.0
-88.22,-56.96,-152.58
-87.33,-54.56,-153.22
-86.34,-55.34,-153.74
-85.42,-56.34,-154.2
-84.56,-55.51,-154.78
-83.75,-57.76,-155.34
-82.95,-55.96,-155.88
-82.15,-56.99,-156.41
-81.29,-54.95,-156.93
-80.44,-52.4,-157.53
-79.67,-53.8,-158.15
-78.85,-54.69,-158.67
-78.03,-53.77,-159.19
-77.2,-54.68,-159.65
-76.22,-52.54,-160.02
-75.2,-52.61,-160.27
-74.11,-52.57,-160.52
-72.97,-51.49,-160.68
-71.89,-52.24,-160.83
-70.7,-51.82,-160.86
-69.38,-52.17,-160.72
-67.81,-52.82,-160.24
-66.06,-52.4,-159.49
-63.95,-53.98,-158.37
-61.85,-54.34,-157.11
-59.83,-55.6,-155.78
-57.48,-57.27,-154.06
-55.37,-60.1,-152.37
-53.25,-61.19,-150.49
-50.67,-68.39,-147.86
-47.74,-68.04,-144.82
-45.27,-67.15,-142.09
-42.73,-70.49,-139.12
-40.44,-65.23,-136.48
-38.45,-77.68,-133.64
-37.01,-77.36,-131.27
-36.07,-85.07,-129.09
-34.99,-85.05,-126.7
-33.93,-86.93,-124.21
-32.93,-88.29,-121.68
-32.32,-87.65,-119.48
-31.55,-87.59,-117.14
-31.25,-85.65,-115.28
-31.02,-82.15,-113.58
-30.59,-78.82,-111.75
-29.85,-76.93,-109.64
-28.6,-73.52,-107.08
-27.58,-75.51,-104.6
-26.01,-74.25,-101.59
-25.29,-70.2,-99.5
-24.97,-66.73,-97.89
-24.82,-65.6,-96.46
-24.24,-56.95,-94.9
-23.86,-57.49,-93.49
-23.48,-60.42,-91.94
-22.59,-57.59,-89.96
-21.78,-56.52,-88.04
-21.06,-56.6,-86.16
-20.41,-51.87,-84.49
-19.52,-48.57,-82.66
-18.59,-46.88,-80.8
-17.56,-41.74,-78.99
-16.42,-42.93,-76.96
-14.9,-40.38,-74.58
-13.46,-40.26,-72.23
-11.98,-37.64,-69.87
-10.53,-34.26,-67.6
-8.74,-30.63,-65.04
-8.02,-28.45,-63.6
-7.32,-24.11,-62.3
-6.49,-22.62,-60.88
-5.94,-22.93,-59.71
-5.42,-23.86,-58.52
-4.94,-26.58,-57.25
-4.33,-25.42,-55.86
-3.57,-20.3,-54.46
-2.81,-16.95,-53.16
-2.08,-15.17,-51.91
-1.12,-10.5,-50.54
-0.33,-9.66,-49.36
0.44,-12.14,-48.08
1.21,-9.55,-46.87
2.21,-9.1,-45.4
3.07,-9.28,-44.04
4.12,-5.14,-42.59
5.23,-2.22,-41.14
6.34,-1.17,-39.7
7.78,-0.22,-37.88
8.83,4.21,-36.59
10.02,5.32,-35.14
11.04,6.3,-33.88
12.25,6.84,-32.38
13.21,6.94,-31.1
14.1,10.34,-29.99
15.23,11.15,-28.62
16.9,16.6,-26.81
18.15,18.49,-25.46
19.31,17.45,-24.13
20.49,19.61,-22.81
21.68,19.76,-21.43
22.81,20.1,-20.1
24.12,21.46,-18.59
25.75,27.63,-16.9
27.32,29.83,-15.29
28.78,29.95,-13.75
30.05,33.79,-12.5
31.16,33.77,-11.36
32.29,35.7,-10.22
33.31,35.65,-9.15
34.24,36.69,-8.21
35.4,38.84,-7.05
36.56,40.16,-5.91
37.79,41.23,-4.68
38.99,43.28,-3.52
40.01,44.86,-2.55
41.11,46.65,-1.54
42.29,46.2,-0.37
43.33,48.03,0.6
44.5,48.01,1.76
45.74,49.84,2.95
47.26,48.33,4.54
48.59,56.39,5.7
49.87,55.77,6.88
51.27,56.95,8.17
52.71,56.48,9.58
54.46,61.83,11.19
55.83,56.27,12.62
57.35,61.56,14.09
58.85,61.14,15.61
60.43,64.55,17.13
61.89,67.83,18.49
63.15,71.57,19.55
64.3,69.15,20.63
65.41,71.59,21.62
66.46,73.58,22.52
67.47,74.82,23.37
68.31,75.3,24.05
69.01,73.43,24.68
69.9,76.26,25.44
70.59,78.43,25.95
71.29,77.66,26.51
72.26,79.23,27.32
73.4,82.32,28.24
74.34,80.81,29.02
75.37,82.47,29.87
76.33,82.9,30.68
77.25,85.95,31.37
78.12,84.17,32.1
78.81,85.41,32.63
79.61,88.27,33.2
80.3,85.84,33.75
81.0,86.99,34.3
81.68,86.66,34.85
82.44,87.66,35.48
83.22,88.47,36.13
84.2,89.25,36.99
84.97,88.63,37.67
85.56,87.87,38.2
86.19,88.36,38.8
86.9,83.31,39.64
87.57,84.53,40.43
88.31,87.88,41.22
88.83,85.95,41.86
89.09,82.57,42.35
89.37,87.5,42.72
89.58,83.82,43.15
89.54,82.09,43.37
89.37,80.58,43.51
89.1,82.51,43.48
88.73,81.67,43.37
88.34,81.58,43.24
87.83,80.96,42.98
87.28,81.42,42.66
86.63,80.83,42.24
86.0,82.1,41.78
85.28,82.69,41.19
84.54,83.8,40.53
83.79,84.8,39.8
82.97,85.14,38.97
82.03,84.61,37.99
81.04,84.35,36.95
79.65,85.08,35.44
78.44,88.22,33.97
77.03,87.89,32.26
75.45,86.99,30.36
74.11,84.46,28.74
72.38,84.04,26.68
71.03,83.18,24.98
69.62,75.53,23.41
68.2,75.52,21.78
66.65,70.88,20.13
65.53,74.3,18.75
64.75,84.62,17.37
63.3,69.8,15.73
61.85,72.8,13.94
60.16,67.91,12.02
58.46,63.9,10.15
56.83,61.88,8.37
55.13,59.67,6.53
53.11,59.57,4.3
51.39,56.58,2.42
49.54,50.43,0.54
47.85,47.59,-1.14
46.3,50.16,-2.81
45.31,48.65,-3.91
44.35,48.4,-5.0
43.16,42.83,-6.19
41.98,43.97,-7.44
39.92,25.65,-9.06
38.52,43.46,-10.62
36.43,40.45,-12.84
34.66,41.84,-14.84
32.09,33.32,-17.46
30.0,42.85,-19.95
27.55,28.43,-22.45
25.34,25.73,-24.68
22.68,23.42,-27.38
20.51,17.58,-29.47
18.51,17.24,-31.44
16.52,13.65,-33.35
14.42,15.9,-35.5
12.29,12.23,-37.64
10.1,10.91,-39.88
7.56,7.74,-42.44
5.16,5.23,-44.85
2.8,-0.3,-47.12
0.17,-3.73,-49.64
-2.29,-8.63,-51.91
-5.2,-9.59,-54.68
-8.1,-12.28,-57.45
-10.78,-15.93,-59.97
-13.65,-16.94,-62.75
-17.11,-22.79,-66.03
-20.07,-25.67,-68.8
-23.25,-35.84,-71.57
-26.25,-33.02,-74.35
-29.75,-44.15,-77.37
-32.93,-44.97,-80.15
-36.31,-46.43,-83.17
-39.18,-52.86,-85.58
-41.96,-47.2,-88.16
-44.27,-54.84,-90.09
-46.57,-56.0,-92.04
-49.16,-62.32,-94.16
-51.49,-62.01,-96.09
-53.92,-66.33,-98.06
-56.34,-65.96,-100.12
-59.17,-66.07,-102.66
-61.89,-69.03,-105.08
-64.71,-69.4,-107.68
-67.48,-71.48,-110.25
-70.23,-74.57,-112.79
-73.08,-80.09,-115.34
-75.7,-81.79,-117.67
-78.05,-81.45,-119.84
-80.38,-84.85,-121.94
-82.61,-86.26,-123.97
-84.45,-84.91,-125.72
-86.33,-84.57,-127.58
-87.79,-85.36,-129.05
-88.86,-83.64,-130.22
-89.78,-82.32,-131.33
-90.58,-81.5,-132.37
-91.63,-82.76,-133.66
-92.37,-79.58,-134.79
-93.25,-80.45,-136.05
-94.05,-80.28,-137.29
-94.58,-78.43,-138.33
-95.07,-79.12,-139.34
-95.34,-77.09,-140.22
-95.55,-76.18,-141.08
-95.83,-75.31,-142.06
-96.1,-73.29,-143.12
-96.14,-72.26,-144.0
-96.23,-71.7,-144.96
-96.24,-72.11,-145.84
-96.19,-72.77,-146.64
-96.04,-72.13,-147.37
-95.91,-71.62,-148.14
-95.82,-69.17,-149.05
-95.79,-68.15,-150.07
-95.71,-67.01,-151.09
-95.53,-66.15,-152.02
-95.43,-66.05,-153.08
-95.06,-65.47,-153.87
-94.42,-65.59,-154.36
-93.55,-64.86,-154.66
-92.5,-63.43,-154.79
-91.33,-62.3,-154.82
-90.15,-63.54,-154.74
-88.84,-63.56,-154.53
-87.46,-64.59,-154.16
-86.04,-65.31,-153.66
-84.29,-65.95,-152.79
-82.39,-65.88,-151.7
-80.51,-65.51,-150.57
-78.57,-67.75,-149.24
-76.52,-69.4,-147.7
-74.9,-71.81,-146.42
-73.26,-73.88,-144.99
-71.78,-74.59,-143.65
-70.29,-75.97,-142.2
-68.84,-78.27,-140.65
-67.26,-78.21,-138.92
-65.73,-80.21,-137.11
-64.52,-81.38,-135.52
-63.61,-80.89,-134.21
-62.98,-81.51,-133.11
-61.99,-84.82,-131.54
-61.09,-86.26,-129.93
-60.43,-86.47,-128.52
-59.69,-87.34,-126.98
-59.23,-85.73,-125.74
-58.75,-87.33,-124.39
-58.13,-83.69,-122.98
-57.13,-82.44,-121.22
-56.44,-81.14,-119.77
-55.99,-79.66,-118.57
-55.41,-78.31,-117.29
-54.99,-78.7,-116.11
-54.61,-77.39,-114.99
-54.06,-74.06,-113.8
-52.06,-67.69,-111.31
-51.13,-70.8,-109.73
-50.13,-71.2,-108.03
-49.26,-71.38,-106.41
-48.44,-68.99,-104.89
-48.74,-86.06,-103.89
-47.61,-59.77,-102.33
-46.53,-61.2,-100.73
-45.33,-58.29,-99.06
-44.23,-57.95,-97.46
-43.04,-54.52,-95.86
-41.89,-54.97,-94.22
-40.93,-53.83,-92.78
-40.1,-51.52,-91.52
-39.21,-50.58,-90.19
-37.56,-42.73,-88.32
-36.36,-45.16,-86.77
-35.23,-42.96,-85.33
-34.22,-43.87,-83.93
-33.33,-43.06,-82.66
-32.37,-42.36,-81.29
-31.34,-39.02,-79.94
-30.41,-36.67,-78.72
-29.68,-37.42,-77.66
-28.98,-35.83,-76.66
-28.24,-34.72,-75.62
-27.3,-32.57,-74.42
-26.45,-32.18,-73.31
-25.8,-30.68,-72.41
-25.01,-29.09,-71.39
-24.31,-28.87,-70.46
-23.52,-27.38,-69.46
-22.61,-24.53,-68.4
-21.63,-24.56,-67.23
-20.65,-23.71,-66.07
-19.58,-22.12,-64.82
-18.71,-21.54,-63.77
-17.81,-19.71,-62.71
-17.07,-16.58,-61.9
-16.48,-17.93,-61.19
-15.85,-15.73,-60.46
-15.3,-14.32,-59.86
-14.81,-13.79,-59.32
-14.33,-13.34,-58.79
-13.95,-12.13,-58.38
-13.7,-13.57,-58.05
-13.49,-13.11,-57.76
-13.33,-12.64,-57.54
-13.19,-12.79,-57.33
-12.96,-10.12,-57.12
-12.69,-11.12,-56.82
-12.39,-9.88,-56.53
-11.98,-7.95,-56.17
-11.58,-7.67,-55.82
-11.3,-10.33,-55.51
-11.02,-10.71,-55.16
-10.84,-10.01,-54.92
-10.69,-8.74,-54.76
-10.52,-6.97,-54.64
-10.36,-6.24,-54.56
-10.19,-5.88,-54.45
-10.06,-6.15,-54.39
-10.0,-6.54,-54.38
-10.01,-7.68,-54.4
-9.95,-7.75,-54.35
-9.82,-7.04,-54.26
-9.65,-6.57,-54.13
-9.45,-6.25,-53.97
-9.2,-5.92,-53.78
-8.98,-5.66,-53.61
-8.76,-5.18,-53.45
-8.63,-5.83,-53.37
-8.55,-6.23,-53.31
-8.49,-6.49,-53.25
-8.46,-6.63,-53.24
-8.41,-5.73,-53.22
-8.31,-4.47,-53.19
-8.2,-3.98,-53.17
-8.06,-3.24,-53.15
-7.89,-3.24,-53.08
-7.93,-7.54,-53.09
-7.91,-6.24,-53.08
-7.82,-4.97,-53.04
-7.75,-4.73,-53.03
-7.75,-6.02,-53.04
-7.72,-4.27,-53.07
-7.7,-4.47,-53.12
-7.64,-3.99,-53.14
-7.58,-4.19,-53.15
-7.51,-4.04,-53.16
-7.46,-4.8,-53.16
-7.44,-5.17,-53.17
-7.39,-4.19,-53.19
-7.29,-4.0,-53.17
-7.16,-3.61,-53.12
-7.04,-3.58,-53.09
-6.96,-3.73,-53.07
-6.91,-4.11,-53.08
-6.85,-3.23,-53.11
-6.81,-3.66,-53.15
-6.75,-3.5,-53.17
-6.72,-3.82,-53.21
-6.7,-4.29,-53.24
-6.66,-4.17,-53.25
-6.55,-3.09,-53.23
-6.4,-2.33,-53.2
-6.28,-2.57,-53.17
-6.17,-2.88,-53.16
-6.08,-3.13,-53.14
-6.02,-3.5,-53.14
-5.94,-3.17,-53.14
-5.88,-3.21,-53.15
-5.81,-3.07,-53.16
-5.74,-2.71,-53.16
-5.65,-2.27,-53.17
-5.57,-2.44,-53.18
-5.47,-1.7,-53.19
-5.37,-2.12,-53.19
-5.27,-2.22,-53.18
-5.18,-2.54,-53.17
-5.1,-2.71,-53.16
-5.03,-2.9,-53.16
-4.97,-3.28,-53.14
-4.89,-2.87,-53.12
-4.79,-2.44,-53.1
-4.69,-2.58,-53.06
-4.57,-1.22,-53.04
-4.45,-1.24,-53.03
-4.31,-0.16,-53.02
-4.22,-1.38,-53.03
-4.13,-1.25,-53.03
-4.05,-1.76,-53.03
-3.99,-1.83,-53.04
-3.95,-2.07,-53.07
-3.9,-1.59,-53.1
-3.83,-0.96,-53.13
-3.77,-0.97,-53.16
-3.71,-1.35,-53.19
-3.71,-2.03,-53.25
-3.67,-1.16,-53.3
-3.65,-1.01,-53.37
-3.64,-1.58,-53.44
-3.6,-2.47,-53.46
-3.56,-2.01,-53.48
-3.48,-1.24,-53.48
-3.37,-0.54,-53.47
-3.27,-1.06,-53.45
-3.19,-1.5,-53.45
-3.1,-1.37,-53.43
-3.02,-1.6,-53.41
-2.95,-0.77,-53.42
-2.86,-0.39,-53.44
-2.79,-0.64,-53.45
-2.75,-0.94,-53.49
-2.72,-0.31,-53.55
-2.69,-0.66,-53.61
-2.67,-1.25,-53.66
-2.68,-1.37,-53.73
-2.66,-0.74,-53.8
-2.64,-0.71,-53.86
-2.6,-0.68,-53.91
-2.58,-1.09,-53.96
-2.57,-1.48,-54.01
-2.56,-1.63,-54.05
-2.57,-1.78,-54.11
-2.56,-1.22,-54.17
-2.54,-0.21,-54.25
-2.5,-0.13,-54.31
-2.46,-0.59,-54.36
-2.43,-0.88,-54.41
-2.4,-0.62,-54.46
-2.35,-0.08,-54.51
-2.3,-0.52,-54.55
-2.32,-1.97,-54.61
-2.34,-1.71,-54.68
-2.33,-0.79,-54.75
-2.3,-0.03,-54.83
-2.29,-0.89,-54.89
-2.29,-0.93,-54.96
-2.3,-1.8,-55.03
-2.31,-1.67,-55.09
-2.3,-0.94,-55.16
-2.28,-0.65,-55.22
-2.24,-0.49,-55.28
-2.22,-0.98,-55.33
-2.19,-0.46,-55.39
-2.17,-0.94,-55.44
-2.17,-1.66,-55.5
-2.19,-2.18,-55.55
-2.22,-2.72,-55.6
-2.29,-2.9,-55.68
-2.31,-1.16,-55.77
-2.27,0.0,-55.85
-2.22,-0.19,-55.9
-2.15,0.27,-55.94
-2.09,-0.53,-55.98
-2.05,-0.79,-56.01
-2.07,-2.11,-56.07
-2.09,-2.06,-56.12
-2.07,-1.68,-56.17
-2.03,-1.17,-56.19
-1.96,-0.6,-56.2
-1.88,-0.25,-56.21
-1.8,-0.45,-56.22
-1.72,0.1,-56.23
-1.69,-1.04,-56.26
-1.68,-1.23,-56.31
-1.68,-0.95,-56.37
-1.66,-1.2,-56.41
-1.64,-1.66,-56.44
-1.59,-1.25,-56.43
-1.52,-1.05,-56.43
-1.48,-0.86,-56.45
-1.48,-1.24,-56.5
-1.47,-0.16,-56.57
-1.46,-0.64,-56.64
-1.44,-0.16,-56.7
-1.4,-0.08,-56.75
-1.38,-0.81,-56.78
-1.33,-0.71,-56.8
-1.29,-0.97,-56.82
-1.27,-1.58,-56.84
-1.26,-1.45,-56.86
-1.22,-0.34,-56.89
-1.19,-0.36,-56.93
-1.15,-0.24,-56.96
-1.11,-0.24,-57.0
-1.1,-0.63,-57.05
-1.1,-0.69,-57.11
-1.1,-0.43,-57.18
-1.09,-0.37,-57.24
-1.09,-0.54,-57.3
-1.07,0.05,-57.36
-1.05,-0.36,-57.42
-1.06,-0.76,-57.48
-1.07,-1.5,-57.52
-1.03,-0.31,-57.56
-0.99,0.03,-57.59
-0.96,-0.47,-57.63
-0.92,0.22,-57.67
-0.91,-0.53,-57.72
-0.87,-0.03,-57.76
-0.85,-0.4,-57.79
-0.82,-0.73,-57.82
-0.79,-1.05,-57.83
-0.74,-0.75,-57.83
-0.66,0.44,-57.83
-0.6,-0.16,-57.84
-0.55,0.11,-57.86
-0.53,-0.24,-57.89
-0.5,0.19,-57.93
-0.48,-0.09,-57.97
-0.45,0.05,-58.0
-0.43,-0.08,-58.05
-0.43,-0.51,-58.09
-0.44,-0.5,-58.15
-0.42,0.45,-58.21
-0.41,-0.02,-58.26
-0.4,0.34,-58.33
-0.39,0.72,-58.4
-0.39,0.13,-58.46
-0.39,-0.3,-58.51
-0.38,-0.4,-58.56
-0.41,-1.11,-58.61
-0.44,-1.28,-58.67
-0.41,0.49,-58.72
-0.38,0.39,-58.76
-0.34,0.26,-58.79
-0.31,0.21,-58.82
-0.29,-0.33,-58.85
-0.27,-0.81,-58.87
-0.28,-1.25,-58.9
-0.29,-1.06,-58.93
-0.27,0.36,-58.98
-0.23,0.81,-59.03
-0.21,0.79,-59.09
-0.18,0.28,-59.12
-0.15,0.24,-59.15
-0.11,0.23,-59.17
-0.08,-0.11,-59.19
-0.09,-0.84,-59.23
-0.11,-0.57,-59.28
-0.15,-0.67,-59.36
-0.18,-0.29,-59.44
-0.19,-0.1,-59.51
-0.22,-0.18,-59.59
-0.21,0.52,-59.66
-0.19,0.76,-59.71
-0.19,-0.06,-59.77
-0.19,-0.11,-59.83
-0.21,-0.32,-59.89
-0.25,-0.92,-59.96
-0.3,-0.47,-60.06
-0.35,-0.24,-60.16
-0.36,0.45,-60.26
-0.35,1.07,-60.34
-0.33,0.85,-60.41
-0.31,0.46,-60.46
-0.28,0.0,-60.49
-0.27,-0.63,-60.52
-0.27,-1.36,-60.54
-0.3,-1.38,-60.58
-0.32,-1.32,-60.63
-0.33,-0.56,-60.69
-0.32,0.61,-60.75
-0.31,0.33,-60.82
-0.29,0.77,-60.88
-0.29,-0.06,-60.94
-0.29,-0.56,-60.98
-0.27,-0.78,-61.0
-0.27,-0.88,-61.03
-0.26,-0.75,-61.06
-0.24,-0.16,-61.09
-0.23,-0.27,-61.13
-0.21,0.34,-61.18
-0.2,-0.03,-61.23
-0.17,0.16,-61.27
-0.19,-1.16,-61.31
-0.21,-0.49,-61.36
-0.24,-0.85,-61.43
-0.28,-0.96,-61.5
-0.31,-0.34,-61.58
-0.34,-0.18,-61.66
-0.3,1.04,-61.72
-0.26,0.85,-61.77
-0.25,-0.05,-61.82
-0.25,-0.29,-61.87
-0.24,-0.21,-61.91
-0.29,-1.43,-61.98
-0.34,-1.41,-62.04
-0.34,-0.8,-62.08
-0.3,-0.15,-62.1
-0.23,0.82,-62.12
-0.18,0.06,-62.12
-0.11,0.21,-62.11
-0.04,0.23,-62.1
0.01,-0.02,-62.11
-0.01,-0.9,-62.14
-0.02,-0.59,-62.19
-0.01,0.23,-62.24
0.04,1.1,-62.27
0.1,0.76,-62.28
0.18,0.92,-62.27
0.26,0.91,-62.26
0.31,-0.16,-62.24
0.36,-0.26,-62.23
0.37,-0.34,-62.25
0.35,-0.69,-62.28
0.37,0.66,-62.32
0.38,0.43,-62.36
0.42,1.31,-62.39
0.46,0.98,-62.42
0.48,0.63,-62.45
0.53,1.35,-62.47
0.56,1.03,-62.5
0.52,-0.39,-62.56
0.48,-0.28,-62.63
0.46,0.8,-62.71
0.43,-0.05,-62.78
0.41,0.36,-62.85
0.39,0.57,-62.91
0.42,1.25,-62.97
0.44,1.18,-63.02
0.44,0.54,-63.07
0.44,0.59,-63.11
0.44,0.57,-63.17
0.45,1.08,-63.23
0.46,0.95,-63.28
0.46,0.42,-63.33
0.44,0.07,-63.39
0.41,-0.2,-63.44
0.4,-0.16,-63.49
0.41,0.18,-63.52
0.42,0.21,-63.55
0.41,-0.41,-63.59
0.4,0.36,-63.64
0.42,0.97,-63.7
0.43,1.16,-63.75
0.42,0.72,-63.82
0.43,1.04,-63.87
0.44,0.89,-63.92
0.46,1.02,-63.97
0.48,0.58,-64.01
0.49,0.72,-64.05
0.48,0.69,-64.12
0.44,-0.15,-64.19
0.41,-0.11,-64.25
0.39,0.21,-64.32
0.36,-0.57,-64.36
0.36,0.24,-64.41
0.38,0.82,-64.46
0.37,0.42,-64.51
0.36,0.57,-64.58
0.35,0.5,-64.64
0.33,0.08,-64.7
0.32,0.11,-64.76
0.32,0.63,-64.81
0.31,0.25,-64.87
0.3,0.06,-64.92
0.28,0.23,-64.99
0.24,-0.28,-65.06
0.21,0.08,-65.14
0.19,0.25,-65.2
0.18,0.27,-65.26
0.16,0.02,-65.33
0.14,0.1,-65.4
0.14,0.43,-65.45
0.13,-0.06,-65.5
0.13,-0.08,-65.55
0.11,-0.4,-65.61
0.11,0.45,-65.67
0.09,-0.43,-65.72
0.09,0.29,-65.78
0.12,0.41,-65.81
0.12,-0.03,-65.84
0.11,-0.71,-65.89
0.08,-0.94,-65.93
0.04,-0.66,-66.0
0.01,-0.07,-66.08
-0.02,-0.23,-66.15
-0.05,0.02,-66.23
-0.06,0.24,-66.31
-0.06,0.19,-66.36
-0.06,0.03,-66.41
-0.08,-0.53,-66.47
-0.1,-0.39,-66.54
-0.12,-0.66,-66.59
-0.14,-0.25,-66.66
-0.15,-0.16,-66.72
-0.18,-0.61,-66.79
-0.19,-0.39,-66.84
-0.17,-0.03,-66.88
-0.14,0.44,-66.92
-0.12,-0.05,-66.96
-0.12,-0.31,-67.0
-0.1,0.31,-67.04
-0.1,0.37,-67.1
-0.1,-0.17,-67.15
-0.11,-0.11,-67.22
-0.09,0.47,-67.27
-0.09,0.03,-67.31
-0.1,-0.52,-67.37
-0.14,-0.94,-67.43
-0.17,-0.7,-67.5
-0.19,-0.36,-67.56
-0.2,-0.65,-67.62
-0.19,-0.1,-67.66
-0.18,-0.21,-67.7
-0.15,0.0,-67.73
-0.12,0.21,-67.76
-0.07,0.6,-67.78
-0.06,-0.03,-67.81
-0.04,-0.1,-67.85
-0.05,-0.84,-67.88
-0.03,0.3,-67.93
-0.04,-0.26,-67.98
-0.05,-0.02,-68.04
-0.06,-0.31,-68.09
-0.05,0.2,-68.15
-0.07,-0.44,-68.2
-0.07,0.33,-68.26
-0.07,-0.11,-68.32
-0.06,0.03,-68.36
-0.06,-0.21,-68.41
-0.04,0.0,-68.44
-0.03,-0.05,-68.48
-0.01,0.25,-68.52
0.0,0.6,-68.58
-0.0,0.18,-68.63
-0.01,0.1,-68.69
-0.05,-0.78,-68.76
-0.07,-0.23,-68.83
-0.07,-0.52,-68.86
-0.05,0.13,-68.9
-0.02,0.37,-68.94
-0.0,0.16,-68.97
0.02,-0.03,-69.0
0.05,0.22,-69.02
0.06,0.03,-69.05
0.08,0.23,-69.08
0.11,0.26,-69.11
0.1,-0.64,-69.15
0.08,-0.41,-69.2
0.04,-0.9,-69.26
0.05,0.0,-69.3
0.09,0.88,-69.33
0.13,1.43,-69.37
0.15,0.68,-69.42
0.16,0.44,-69.46
0.17,0.46,-69.51
0.17,0.27,-69.57
0.11,-1.0,-69.64
0.05,-0.79,-69.72
-0.01,-0.53,-69.82
-0.02,0.66,-69.9
-0.05,-0.06,-69.97
-0.07,-0.43,-70.04
-0.09,-0.35,-70.1
-0.1,-0.47,-70.15
-0.1,-0.37,-70.19
-0.13,-0.85,-70.25
-0.17,-0.66,-70.33
-0.14,0.59,-70.38
-0.11,-0.03,-70.39
-0.08,-0.06,-70.41
-0.04,0.25,-70.43
-0.02,-0.19,-70.46
-0.03,-0.45,-70.51
-0.04,-0.07,-70.57
-0.07,-0.37,-70.64
-0.06,0.36,-70.7
-0.06,-0.13,-70.74
-0.05,-0.11,-70.78
-0.04,0.31,-70.83
0.03,0.77,-70.84
0.09,0.71,-70.84
0.13,-0.24,-70.84
0.18,0.31,-70.83
0.22,-0.29,-70.83
0.22,-0.4,-70.86
0.21,-0.6,-70.9
0.2,-0.28,-70.94
0.22,0.46,-70.97
0.25,0.82,-71.01
0.31,1.2,-71.02
0.39,1.0,-71.01
0.44,0.64,-71.01
0.49,0.8,-71.01
0.48,-0.46,-71.04
0.5,0.93,-71.09
0.51,0.64,-71.13
0.52,0.55,-71.17
0.51,0.36,-71.21
0.51,0.4,-71.26
0.51,0.26,-71.3
0.52,0.72,-71.34
0.52,0.57,-71.39
0.52,0.73,-71.45
0.53,0.74,-71.49
0.55,0.61,-71.51
0.58,0.55,-71.53
0.63,0.53,-71.52
0.68,0.21,-71.51
0.74,0.56,-71.49
0.78,0.2,-71.48
0.81,0.81,-71.49
0.83,0.7,-71.52
0.82,0.75,-71.57
0.85,1.51,-71.61
0.86,1.41,-71.66
0.85,0.61,-71.72
0.84,0.45,-71.76
0.84,0.87,-71.8
0.87,1.4,-71.83
0.89,1.44,-71.88
0.87,0.28,-71.92
0.86,0.66,-71.98
0.82,0.08,-72.04
0.79,0.07,-72.1
0.8,1.08,-72.14
0.83,1.32,-72.18
0.83,0.81,-72.21
0.85,0.66,-72.24
0.9,1.63,-72.25
0.97,1.38,-72.25
1.04,1.78,-72.24
1.08,1.09,-72.25
1.1,0.76,-72.27
1.12,0.75,-72.28
1.11,0.19,-72.31
1.15,1.59,-72.33
1.18,1.39,-72.36
1.2,1.22,-72.38
1.23,1.3,-72.4
1.24,0.93,-72.43
1.26,1.55,-72.46
1.3,2.16,-72.5
1.33,1.69,-72.52
1.39,1.84,-72.53
1.43,1.67,-72.54
1.45,1.14,-72.56
1.47,1.43,-72.58
1.49,2.04,-72.63
1.46,1.08,-72.69
1.42,0.81,-72.75
1.42,1.14,-72.8
1.45,1.67,-72.82
1.46,1.32,-72.86
1.47,1.18,-72.89
1.5,1.88,-72.91
1.56,1.7,-72.9
1.61,1.65,-72.9
1.65,1.99,-72.92
1.69,1.89,-72.94
1.74,2.83,-72.96
1.79,2.88,-72.99
1.8,2.18,-73.04
1.8,1.76,-73.09
1.8,1.6,-73.12
1.78,1.11,-73.18
1.76,1.36,-73.24
1.78,2.71,-73.29
1.77,1.43,-73.34
1.75,1.37,-73.39
1.74,1.59,-73.44
1.74,1.72,-73.5
1.74,1.54,-73.53
1.78,2.19,-73.56
1.81,1.62,-73.56
1.89,2.91,-73.56
1.98,2.8,-73.55
2.02,1.84,-73.54
2.07,1.91,-73.54
2.13,2.26,-73.53
2.14,1.19,-73.55
2.16,1.82,-73.56
2.16,2.08,-73.61
2.15,2.52,-73.67
2.15,2.88,-73.74
2.11,2.5,-73.84
2.06,1.78,-73.93
2.01,1.63,-74.02
1.97,2.01,-74.1
1.93,1.61,-74.19
1.91,2.14,-74.26
1.87,1.87,-74.35
1.85,1.81,-74.41
1.85,1.82,-74.45
1.86,1.81,-74.5
1.84,1.33,-74.55
1.85,2.04,-74.6
1.85,1.7,-74.63
1.85,1.59,-74.68
1.83,1.66,-74.74
1.8,1.76,-74.81
1.81,2.43,-74.87
1.83,2.44,-74.91
1.82,2.17,-74.98
1.79,1.54,-75.05
1.8,2.2,-75.11
1.79,1.81,-75.16
1.76,1.41,-75.22
1.71,1.06,-75.31
1.68,1.3,-75.37
1.67,1.34,-75.43
1.66,2.01,-75.49
1.68,2.29,-75.54
1.7,1.62,-75.56
1.72,1.04,-75.57
1.76,1.8,-75.58
1.8,2.6,-75.61
1.8,2.14,-75.67
1.79,1.62,-75.73
1.79,1.69,-75.77
1.79,1.97,-75.82
1.78,1.75,-75.88
1.74,1.17,-75.95
1.73,1.22,-75.99
1.72,1.49,-76.04
1.71,1.37,-76.09
1.69,1.38,-76.14
1.69,1.76,-76.19
1.68,1.3,-76.24
1.67,1.9,-76.3
1.67,1.62,-76.35
1.69,2.1,-76.39
1.73,2.45,-76.42
1.77,2.2,-76.44
1.8,1.78,-76.46
1.81,1.64,-76.49
1.79,1.53,-76.55
1.75,0.84,-76.61
1.7,0.6,-76.67
1.66,0.73,-76.73
1.67,1.5,-76.77
1.69,2.36,-76.81
1.71,2.34,-76.85
1.7,1.88,-76.92
1.69,2.16,-77.0
1.67,1.87,-77.06
1.67,1.77,-77.12
1.66,1.42,-77.16
1.67,1.44,-77.19
1.69,1.52,-77.22
1.69,1.34,-77.25
1.72,2.48,-77.29
1.72,1.49,-77.33
1.73,1.91,-77.38
1.73,1.78,-77.42
1.74,1.98,-77.46
1.75,1.91,-77.51
1.76,2.08,-77.55
1.74,1.74,-77.62
1.71,1.24,-77.69
1.68,1.8,-77.77
1.65,1.68,-77.85
1.62,1.93,-77.94
1.59,1.87,-78.02
1.54,1.73,-78.12
1.46,1.7,-78.25
1.38,1.35,-78.39
1.28,2.07,-78.55
1.14,0.59,-78.73
0.97,0.28,-78.92
0.81,1.08,-79.14
0.61,1.03,-79.4
0.42,1.13,-79.67
0.17,0.41,-79.97
-0.15,0.23,-80.35
-0.57,0.03,-80.84
-1.07,-0.68,-81.4
-1.69,-1.54,-82.08
-2.25,-0.42,-82.74
-2.98,-2.84,-83.54
-3.85,-3.92,-84.46
-4.76,-5.45,-85.4
-5.76,-4.95,-86.47
-6.8,-5.96,-87.6
-8.05,-8.13,-88.9
-9.22,-8.81,-90.14
-10.29,-10.03,-91.27
-12.24,-4.73,-93.51
-15.28,-17.78,-96.54
-18.14,-22.97,-99.31
-20.58,-26.48,-101.62
-23.14,-25.0,-104.19
-25.98,-27.7,-107.03
-28.88,-32.82,-109.86
-31.85,-31.96,-112.88
-34.91,-37.72,-115.91
-37.92,-39.22,-118.93
-41.3,-53.81,-121.96
-43.95,-41.58,-124.73
-47.45,-55.85,-128.01
-50.49,-52.38,-131.04
-53.6,-65.12,-133.81
-57.45,-76.0,-137.09
-60.75,-69.93,-140.11
-63.77,-71.91,-142.89
-66.83,-72.96,-145.77
-69.64,-77.41,-148.35
-72.05,-82.72,-150.42
-74.13,-84.63,-152.16
-76.17,-84.66,-153.92
-78.07,-83.75,-155.64
-79.52,-83.09,-156.98
-81.02,-83.05,-158.42
-82.72,-82.78,-160.12
-83.99,-81.29,-161.49
-85.4,-80.63,-163.08
-86.61,-79.82,-164.54
-87.53,-76.91,-165.84
-88.31,-76.97,-167.03
-88.72,-75.92,-167.9
-88.82,-74.27,-168.54
-88.5,-72.5,-168.82
-88.24,-75.92,-169.03
-87.73,-71.18,-169.14
-87.15,-74.66,-169.05
-86.31,-75.07,-168.67
-85.51,-76.42,-168.24
-84.8,-78.56,-167.82
-83.45,-76.48,-166.78
-81.95,-76.95,-165.53
-80.12,-77.94,-163.85
-77.84,-77.17,-161.66
-75.94,-80.54,-159.68
-74.57,-84.47,-158.03
-73.16,-87.16,-156.19
-71.75,-86.72,-154.32
-70.41,-88.12,-152.4
-68.57,-87.24,-149.95
-66.31,-85.92,-147.04
-64.31,-85.6,-144.31
-62.05,-83.03,-141.33
-59.63,-75.91,-138.36
-57.06,-68.75,-135.38
-54.5,-66.33,-132.4
-51.9,-62.57,-129.42
-49.23,-57.9,-126.45
-46.88,-57.68,-123.71
-44.78,-53.42,-121.28
-42.87,-50.96,-119.07
-40.38,-46.63,-116.34
-37.77,-40.24,-113.62
-35.43,-37.75,-111.17
-33.22,-36.91,-108.81
-31.45,-36.34,-106.84
-29.91,-35.53,-105.07
-28.31,-35.03,-103.21
-26.49,-31.66,-101.16
-24.67,-26.37,-99.26
-22.23,-25.11,-96.67
-19.71,-24.64,-93.95
-17.33,-33.13,-90.97
-14.71,-16.77,-88.24
-11.96,-10.12,-85.51
-9.25,-6.95,-82.84
-7.0,-7.4,-80.53
-4.74,-8.89,-78.1
-2.28,-1.73,-75.61
0.47,2.46,-72.88
2.68,2.93,-70.65
4.97,7.58,-68.42
7.51,10.17,-65.94
9.92,16.08,-63.7
13.39,36.5,-60.97
16.01,20.66,-58.49
18.76,27.57,-56.01
21.63,33.94,-53.53
24.66,34.23,-50.8
27.78,39.77,-48.07
30.51,44.16,-45.78
33.24,46.14,-43.48
36.4,49.36,-40.75
39.3,51.64,-38.27
42.13,52.64,-35.78
45.1,52.03,-33.05
48.14,57.1,-30.33
50.72,62.14,-28.13
52.87,63.9,-26.38
55.0,70.5,-24.77
57.29,69.8,-22.93
59.69,72.56,-20.98
62.2,78.9,-19.05
64.31,78.15,-17.44
66.26,79.56,-15.98
67.91,79.88,-14.76
69.29,82.08,-13.86
70.33,79.98,-13.19
71.25,81.28,-12.67
71.72,81.67,-12.59
71.97,84.8,-12.82
71.97,82.86,-13.25
71.76,82.28,-13.88
71.31,83.36,-14.8
70.47,82.24,-16.11
69.2,80.67,-17.84
67.49,76.94,-19.95
65.19,75.87,-22.69
63.09,73.09,-25.22
60.94,69.19,-27.74
58.67,63.46,-30.26
55.83,57.72,-33.28
53.41,53.62,-35.81
50.73,42.49,-38.33
48.15,43.26,-40.85
45.08,32.91,-43.62
42.41,34.76,-46.14
39.1,19.49,-48.92
36.04,16.8,-51.44
32.78,15.12,-54.21
29.9,16.68,-56.73
26.98,10.14,-59.18
23.93,5.71,-61.7
20.72,5.28,-64.47
17.89,6.94,-67.0
15.35,5.34,-69.27
12.36,-3.62,-71.79
9.02,-9.83,-74.56
5.99,-10.9,-77.08
2.83,-17.87,-79.6
-0.21,-22.07,-81.97
-3.51,-23.05,-84.65
-6.52,-25.75,-87.06
-9.71,-27.45,-89.67
-13.01,-29.18,-92.45
-16.41,-27.81,-95.47
-19.94,-42.85,-98.25
-23.66,-51.93,-101.02
-27.24,-43.31,-104.04
-31.61,-63.27,-107.32
-35.31,-62.08,-110.1
-39.35,-67.84,-113.12
-43.43,-72.87,-116.15
-47.24,-68.29,-119.17
-51.42,-82.95,-122.2
-55.49,-83.61,-125.22
-59.42,-82.59,-128.25
-63.42,-88.48,-131.28
-67.11,-82.94,-134.3
-70.17,-81.95,-136.83
-73.17,-79.81,-139.44
-75.48,-78.65,-141.51
-77.37,-77.58,-143.24
-79.32,-76.39,-145.14
-80.98,-74.69,-146.87
-82.18,-73.01,-148.25
-83.36,-71.48,-149.7
-84.41,-71.17,-151.06
-85.0,-69.18,-152.08
-85.12,-68.04,-152.67
-85.0,-67.21,-153.04
-84.6,-67.06,-153.15
-84.04,-67.27,-153.07
-83.17,-67.29,-152.67
-81.94,-68.71,-151.8
-80.48,-69.19,-150.66
-78.58,-71.07,-148.94
-76.52,-73.5,-146.91
-74.1,-75.11,-144.38
-71.38,-73.97,-141.49
-68.85,-79.41,-138.51
-66.57,-84.23,-135.53
-64.46,-86.3,-132.56
-62.39,-85.42,-129.58
-60.7,-87.63,-126.85
-58.44,-82.05,-123.62
-56.38,-78.61,-120.65
-54.58,-77.51,-117.92
-52.2,-71.55,-114.69
-50.56,-83.8,-111.71
-48.36,-59.23,-108.98
-45.73,-50.64,-106.01
-42.8,-45.75,-102.78
-40.13,-37.18,-100.05
-37.15,-32.28,-97.07
-34.27,-32.26,-94.1
-31.44,-24.18,-91.37
-28.39,-21.39,-88.39
-25.46,-15.63,-85.66
-22.28,-12.08,-82.68
-19.17,-4.17,-79.95
-15.89,3.84,-77.22
-12.99,2.21,-74.74
-9.89,4.31,-72.01
-7.13,4.25,-69.53
-4.61,6.28,-67.3
-1.49,20.17,-64.82
2.04,28.52,-62.09
5.6,39.69,-59.61
9.17,43.07,-57.12
12.44,44.89,-54.89
15.94,47.91,-52.41
19.87,49.45,-49.43
23.45,57.63,-46.97
26.88,59.26,-44.61
29.99,63.05,-42.58
32.97,64.33,-40.65
35.8,65.31,-38.82
39.06,68.18,-36.55
41.93,70.74,-34.67
44.9,72.12,-32.65
47.19,70.4,-31.18
48.97,75.34,-30.32
50.22,74.6,-29.94
51.25,73.94,-29.74
52.0,74.06,-29.8
52.55,74.64,-30.07
52.72,73.79,-30.68
51.97,74.27,-32.27
50.72,71.43,-34.3
48.94,67.89,-36.82
46.94,66.7,-39.6
44.96,65.0,-42.37
43.2,62.47,-44.89
41.48,61.55,-47.41
39.34,46.65,-49.93
36.75,37.56,-52.71
34.45,36.79,-55.23
31.81,31.05,-58.0
29.03,16.52,-60.52
26.11,17.1,-63.3
23.84,27.18,-65.82
21.2,13.24,-68.34
18.45,7.26,-70.86
16.1,10.4,-73.18
14.05,10.68,-75.25
11.62,10.56,-77.77
9.29,11.09,-80.29
6.54,-4.58,-82.81
3.56,-7.19,-85.58
0.83,-16.87,-87.85
-2.22,-14.65,-90.63
-5.61,-35.9,-93.15
-9.6,-43.28,-96.17
-12.91,-32.61,-98.95
-16.39,-40.99,-101.72
-20.57,-66.46,-104.49
-24.45,-45.16,-107.77
-28.65,-66.53,-110.8
-32.83,-69.37,-113.82
-37.45,-86.52,-116.85
-41.16,-62.37,-119.87
-45.33,-79.82,-122.9
-48.85,-71.05,-125.67
-52.71,-69.72,-128.95
-56.48,-78.08,-131.98
-59.96,-80.31,-134.75
-63.62,-83.4,-137.7
-66.76,-82.25,-140.27
-69.06,-80.65,-142.14
-71.31,-81.47,-143.99
-73.18,-81.21,-145.52
-74.55,-80.04,-146.65
-76.0,-78.36,-147.96
-77.21,-75.67,-149.16
-78.23,-74.75,-150.25
-79.35,-75.81,-151.43
-80.3,-75.23,-152.5
-80.78,-74.68,-153.13
-80.87,-73.07,-153.44
-80.53,-73.13,-153.32
-79.59,-70.44,-152.65
-77.97,-72.26,-151.19
-76.41,-77.24,-149.56
-74.89,-79.26,-147.84
-73.5,-78.41,-146.24
-72.22,-79.58,-144.65
-70.9,-79.74,-142.98
-69.86,-81.09,-141.5
-68.45,-83.54,-139.5
-67.13,-83.35,-137.54
-65.89,-83.55,-135.62
-64.3,-83.15,-133.28
-63.13,-83.17,-131.32
-62.39,-80.25,-129.87
-61.51,-79.97,-128.24
-60.33,-78.07,-126.31
-59.1,-75.96,-124.38
-57.56,-75.33,-122.1
-55.55,-73.31,-119.32
-53.56,-70.82,-116.59
-51.32,-68.11,-113.62
-48.96,-62.16,-110.64
-46.55,-58.38,-107.66
-44.15,-55.9,-104.68
-41.69,-51.6,-101.71
-39.46,-49.38,-98.98
-37.07,-48.5,-95.99
-35.18,-44.37,-93.61
-33.27,-40.4,-91.29
-30.81,-38.56,-88.37
-28.5,-35.56,-85.64
-25.77,-20.87,-82.91
-23.09,-26.27,-79.94
-20.08,-13.57,-76.96
-17.21,-8.56,-74.23
-14.49,-9.92,-71.5
-11.87,-3.75,-69.02
-8.83,-1.79,-66.04
-5.87,11.89,-63.56
-2.67,22.12,-61.08
0.27,17.6,-58.6
3.33,16.81,-55.87
6.28,23.55,-53.39
9.09,28.89,-51.15
12.08,30.33,-48.67
15.3,33.23,-45.94
18.33,37.2,-43.46
21.74,45.01,-40.73
24.9,48.02,-38.26
28.21,48.2,-35.54
31.46,56.28,-33.06
34.77,61.33,-30.58
37.71,53.07,-28.1
40.82,53.76,-25.37
44.43,72.27,-22.64
47.54,67.67,-20.16
50.86,76.76,-17.68
54.09,79.49,-15.27
56.72,78.73,-13.36
59.22,81.82,-11.6
61.13,83.63,-10.43
62.26,82.02,-9.97
63.1,82.12,-9.77
63.77,85.35,-9.83
64.15,83.56,-10.11
64.27,85.2,-10.71
64.05,83.97,-11.63
63.18,81.43,-13.15
61.93,80.11,-15.05
60.36,78.27,-17.26
58.12,77.85,-20.22
56.46,74.76,-22.55
54.63,73.46,-25.07
52.82,72.13,-27.59
50.75,69.3,-30.36
48.86,65.12,-32.89
46.47,54.81,-35.66
44.15,47.13,-38.18
41.44,40.11,-40.95
38.89,34.89,-43.48
36.37,33.11,-46.0
33.53,20.61,-48.52
30.63,23.32,-51.29
27.69,19.52,-54.06
25.12,20.76,-56.59
22.35,11.77,-59.11
19.2,4.82,-61.88
16.15,-2.7,-64.4
13.01,-8.41,-66.92
10.12,-5.55,-69.38
7.13,-7.14,-71.98
4.29,-7.46,-74.5
1.83,-5.6,-76.77
-0.89,-8.66,-79.29
-3.7,-24.2,-81.5
-7.29,-26.28,-84.53
-10.87,-37.23,-87.3
-13.96,-24.81,-90.07
-17.42,-39.5,-92.85
-20.87,-34.43,-95.87
-24.43,-49.08,-98.65
-27.51,-37.03,-101.42
-31.57,-55.53,-104.7
-35.37,-58.81,-107.72
-39.17,-62.13,-110.75
-42.88,-70.4,-113.52
-47.14,-75.49,-116.8
-50.92,-71.89,-119.82
-54.46,-80.31,-122.45
-58.28,-84.46,-125.32
-61.34,-81.88,-127.61
-64.05,-85.31,-129.53
-66.58,-85.85,-131.31
-68.97,-85.51,-133.03
-70.79,-85.42,-134.26
-72.75,-85.67,-135.67
-74.64,-83.94,-137.12
-76.1,-82.28,-138.25
-77.28,-81.96,-139.16
-78.07,-81.54,-139.7
-78.37,-80.76,-139.8
-78.35,-81.39,-139.55
-77.61,-79.98,-138.6
-76.55,-82.08,-137.23
-74.58,-81.83,-134.88
-72.68,-83.9,-132.45
-70.94,-83.48,-130.15
-68.94,-84.3,-127.46
-67.11,-83.78,-124.9
-65.17,-79.47,-122.31
-63.28,-76.14,-119.81
-60.66,-72.84,-116.59
-58.26,-70.03,-113.61
-56.13,-68.53,-110.88
-53.8,-73.84,-107.65
-51.39,-62.17,-104.68
-48.89,-50.25,-101.95
-46.43,-55.7,-98.97
-43.74,-46.3,-95.99
-41.54,-51.48,-93.26
-39.1,-42.02,-90.53
-36.43,-39.35,-87.56
-33.84,-39.26,-84.58
-31.41,-34.5,-81.85
-29.0,-32.75,-79.12
-26.16,-24.18,-76.14
-23.59,-22.5,-73.41
-20.66,-16.07,-70.43
-18.05,-16.23,-67.7
-15.1,-9.85,-64.73
-12.26,-3.9,-62.0
-9.73,-3.51,-59.52
-7.09,2.06,-57.04
-4.14,7.36,-54.31
-1.47,8.8,-51.82
1.07,14.09,-49.59
3.73,13.22,-47.11
6.75,20.0,-44.38
9.2,22.73,-42.25
11.73,25.25,-40.05
13.98,28.66,-38.16
16.22,30.53,-36.27
18.73,33.92,-34.13
21.34,36.52,-31.9
23.74,40.36,-29.94
26.03,43.49,-28.13
28.36,41.23,-26.1
30.59,44.63,-24.24
32.96,47.68,-22.27
35.45,49.67,-20.15
37.66,51.22,-18.29
39.38,54.66,-17.01
40.7,54.72,-16.07
41.7,55.99,-15.47
42.38,58.87,-15.26
42.58,60.24,-15.58
42.44,59.11,-16.21
41.53,40.87,-17.05
40.53,55.6,-18.49
39.14,52.57,-20.27
37.31,49.57,-22.46
35.23,49.98,-24.98
32.48,42.17,-28.01
30.18,37.73,-30.53
27.86,34.91,-33.05
25.58,33.78,-35.57
23.24,32.1,-38.18
21.13,29.59,-40.54
18.59,26.28,-43.31
16.27,22.8,-45.83
13.6,17.05,-48.61
11.16,14.04,-51.13
8.81,14.41,-53.65
6.3,7.05,-56.17
4.07,5.52,-58.44
1.45,-1.23,-60.96
-1.14,-2.99,-63.48
-3.71,-4.87,-66.0
-6.38,-10.62,-68.53
-9.77,-20.81,-71.55
-12.52,-18.9,-74.07
-15.49,-25.47,-76.7
-17.99,-20.09,-79.11
-20.61,-25.1,-81.56
-23.68,-32.05,-84.33
-26.73,-34.3,-87.1
-29.98,-35.94,-90.13
-33.3,-40.97,-93.16
-36.42,-45.95,-95.93
-39.26,-39.94,-98.7
-42.33,-42.58,-101.73
-45.85,-59.26,-104.75
-49.07,-61.3,-107.53
-52.28,-55.95,-110.55
-55.95,-66.12,-113.83
-59.82,-82.85,-116.86
-62.87,-69.24,-119.63
-66.12,-76.95,-122.44
-68.66,-75.26,-124.69
-70.55,-81.56,-126.13
-72.19,-76.84,-127.53
-73.0,-82.0,-127.94
-72.89,-83.72,-127.37
-71.72,-80.24,-125.83
-69.58,-79.18,-123.25
-67.49,-77.0,-120.74
-65.22,-73.96,-118.07
-63.22,-74.18,-115.58
-61.07,-72.11,-112.94
-58.65,-71.34,-109.96
-56.28,-65.34,-107.16
-54.79,-62.67,-105.28
-52.52,-61.86,-102.55
-49.88,-55.98,-99.57
-47.53,-54.73,-96.84
-45.05,-55.33,-93.86
-42.59,-46.85,-91.13
-40.29,-48.68,-88.4
-37.62,-42.51,-85.43
-34.54,-27.27,-82.45
-31.43,-16.75,-79.72
-28.14,-8.52,-76.99
-25.02,-10.34,-74.26
-22.07,-2.56,-71.86
-19.84,-1.92,-70.15
-18.05,-2.94,-68.79
-16.39,2.46,-67.69
-15.17,-0.06,-66.91
-14.24,0.0,-66.39
-13.36,2.19,-65.97
-12.71,3.14,-65.8
-12.23,2.41,-65.75
-11.8,2.42,-65.75
-11.49,1.46,-65.83
-11.25,-1.51,-65.88
-10.87,2.56,-65.91
-10.6,2.16,-66.02
-10.4,1.3,-66.18
-10.15,2.75,-66.34
-9.87,1.3,-66.41
-9.62,0.33,-66.47
-9.41,0.31,-66.57
-9.14,0.99,-66.62
-8.88,1.7,-66.69
-8.66,1.5,-66.81
-8.45,-0.84,-66.84
-8.09,3.67,-66.86
-7.83,0.49,-66.88
-7.5,-0.32,-66.79
-7.11,0.35,-66.64
-6.77,-0.05,-66.54
-6.46,1.06,-66.47
-6.12,1.52,-66.4
-5.69,5.04,-66.34
-5.35,3.49,-66.3
-5.0,1.79,-66.19
-4.8,-1.68,-66.12
-4.4,0.6,-65.91
-3.83,5.94,-65.67
-3.52,-0.15,-65.5
-3.15,3.69,-65.38
-2.85,1.53,-65.25
-2.53,2.67,-65.13
-2.07,7.95,-65.03
-1.72,6.29,-64.98
-1.54,2.33,-64.95
-1.32,5.98,-65.01
-1.33,1.1,-65.14
-1.35,1.34,-65.29
-1.36,0.99,-65.42
-1.07,7.89,-65.46
-1.0,2.81,-65.56
-0.96,3.29,-65.71
-0.83,4.81,-65.81
-0.84,3.02,-66.0
-0.69,5.57,-66.09
-0.58,3.14,-66.16
-0.42,3.16,-66.17
-0.25,3.39,-66.18
-0.05,3.64,-66.14
0.06,2.68,-66.18
0.15,2.96,-66.24
0.18,2.54,-66.34
0.23,6.23,-66.54
0.23,2.54,-66.68
0.25,3.95,-66.83
0.28,4.04,-66.99
0.29,4.35,-67.17
0.25,2.12,-67.32
0.2,1.91,-67.49
0.13,1.25,-67.66
0.17,2.5,-67.77
0.24,1.99,-67.81
0.31,2.42,-67.88
0.37,2.04,-67.94
0.45,1.38,-67.96
0.57,-1.55,-67.84
1.13,-0.47,-67.3
1.39,4.78,-67.22
1.48,3.05,-67.24
1.57,3.52,-67.29
1.64,3.03,-67.32
1.71,2.97,-67.36
1.79,3.14,-67.39
1.86,3.02,-67.43
1.91,2.7,-67.48
1.97,2.75,-67.52
2.01,2.39,-67.56
2.05,2.66,-67.6
2.11,2.85,-67.64
2.15,2.83,-67.69
2.19,2.73,-67.73
2.24,2.8,-67.79
2.29,2.91,-67.83
2.33,2.79,-67.88
2.36,2.52,-67.92
2.4,2.84,-67.96
2.44,2.46,-68.0
2.49,2.85,-68.04
2.53,2.83,-68.08
2.58,2.97,-68.11
2.62,2.95,-68.15
2.66,2.64,-68.18
2.72,3.0,-68.21
2.77,2.63,-68.23
2.85,3.48,-68.24
2.91,2.79,-68.26
2.96,2.95,-68.28
3.0,2.79,-68.31
3.04,2.55,-68.33
3.08,2.99,-68.35
3.14,3.29,-68.37
3.19,3.31,-68.39
3.25,3.63,-68.43
3.28,3.32,-68.47
3.31,3.26,-68.51
3.35,3.44,-68.55
3.35,2.46,-68.59
3.37,2.95,-68.63
3.38,2.74,-68.67
3.42,3.68,-68.72
3.44,3.11,-68.77
3.45,2.86,-68.81
3.47,2.96,-68.85
3.49,3.27,-68.89
3.51,3.23,-68.94
3.52,3.32,-68.99
3.54,3.17,-69.04
3.56,3.35,-69.08
3.58,3.35,-69.13
3.59,3.17,-69.17
3.61,3.15,-69.22
3.61,3.0,-69.26
3.63,3.31,-69.31
3.64,3.14,-69.36
3.65,3.16,-69.41
3.66,3.23,-69.45
3.67,3.05,-69.5
3.68,3.28,-69.54
3.69,3.21,-69.59
3.7,3.16,-69.63
3.71,2.96,-69.68
3.71,3.1,-69.73
3.72,3.15,-69.77
3.74,3.51,-69.82
3.75,3.54,-69.86
3.76,3.21,-69.91
3.77,3.24,-69.95
3.78,3.28,-70.0
3.79,3.03,-70.05
3.79,3.29,-70.09
3.8,3.36,-70.13
3.81,3.29,-70.17
3.82,3.12,-70.22
3.82,3.07,-70.27
3.82,3.38,-70.31
3.83,3.32,-70.36
3.83,2.88,-70.41
3.84,3.57,-70.45
3.84,3.01,-70.5
3.84,3.06,-70.54
3.84,3.14,-70.58
3.85,3.48,-70.63
3.86,3.22,-70.68
3.85,3.1,-70.72
3.85,3.06,-70.77
3.85,3.02,-70.82
3.85,3.35,-70.86
3.85,3.14,-70.9
3.85,3.24,-70.95
3.87,3.73,-71.0
3.87,3.09,-71.05
3.87,3.34,-71.09
3.87,3.02,-71.13
3.86,3.17,-71.18
3.86,3.16,-71.22
3.85,2.84,-71.27
3.85,3.01,-71.32
3.85,3.32,-71.36
3.85,3.16,-71.4
3.84,2.9,-71.46
3.82,2.93,-71.5
3.83,3.32,-71.55
3.83,3.31,-71.59
3.83,3.23,-71.64
3.83,3.1,-71.69
3.82,3.11,-71.73
3.81,2.89,-71.78
3.81,3.48,-71.82
3.81,3.08,-71.87
3.79,2.86,-71.92
3.79,3.25,-71.97
3.78,2.96,-72.01
3.78,3.34,-72.06
3.78,3.07,-72.11
3.78,3.32,-72.15
3.77,3.12,-72.19
3.78,3.47,-72.24
3.77,3.0,-72.29
3.77,3.25,-72.34
3.77,3.2,-72.38
3.76,3.01,-72.43
3.75,3.03,-72.47
3.74,3.15,-72.52
3.75,3.37,-72.57
3.75,3.45,-72.61
3.74,2.98,-72.66
3.73,2.91,-72.71
3.73,3.42,-72.75
3.74,3.44,-72.8
3.74,3.28,-72.84
3.72,2.91,-72.89
3.73,3.63,-72.94
3.72,2.99,-72.99
3.71,2.9,-73.03
3.7,2.99,-73.07
3.7,3.29,-73.12
3.7,3.22,-73.17
3.69,3.15,-73.21
3.7,3.66,-73.26
3.71,3.48,-73.31
3.71,3.37,-73.36
3.7,3.03,-73.4
3.69,3.07,-73.45
3.68,2.96,-73.49
3.66,2.62,-73.54
3.7,4.65,-73.58
3.69,3.09,-73.63
3.68,3.05,-73.68
3.68,3.24,-73.72
3.68,3.23,-73.77
3.66,2.94,-73.81
3.67,3.42,-73.86
3.66,3.31,-73.9
3.64,2.55,-73.95
3.64,3.07,-74.0
3.62,2.85,-74.04
3.61,3.01,-74.09
3.62,3.48,-74.13
3.6,2.56,-74.18
3.59,3.3,-74.22
3.59,3.23,-74.28
3.58,2.86,-74.32
3.58,3.22,-74.36
3.57,3.05,-74.41
3.58,3.61,-74.46
3.57,3.06,-74.5
3.56,3.0,-74.54
3.56,3.44,-74.6
3.56,3.19,-74.64
3.55,2.99,-74.69
3.56,3.43,-74.73
3.55,3.2,-74.77
3.56,3.33,-74.82
3.55,3.01,-74.87
3.55,3.46,-74.92
3.53,2.83,-74.96
3.51,2.62,-75.01
3.51,3.03,-75.05
3.51,3.54,-75.1
3.5,2.96,-75.14
3.51,3.56,-75.19
3.5,3.06,-75.24
3.5,3.06,-75.29
3.49,3.04,-75.33
3.49,3.31,-75.37
3.48,3.11,-75.42
3.48,3.34,-75.47
3.47,2.89,-75.51
3.47,3.22,-75.56
3.47,3.18,-75.61
3.46,3.17,-75.66
3.45,3.04,-75.71
3.45,3.31,-75.75
3.43,2.98,-75.8
3.41,2.76,-75.86
3.4,3.28,-75.92
3.36,2.57,-75.98
3.34,3.06,-76.05
3.32,3.38,-76.11
3.32,3.21,-76.16
3.3,3.11,-76.22
3.28,2.63,-76.28
3.26,3.35,-76.35
3.24,3.06,-76.42
3.21,2.65,-76.48
3.19,2.58,-76.53
3.2,3.13,-76.57
3.2,3.39,-76.62
3.18,2.72,-76.68
3.17,2.12,-76.71
3.18,3.82,-76.77
3.18,2.92,-76.82
3.16,2.46,-76.86
3.14,2.47,-76.91
3.14,2.91,-76.95
3.14,2.92,-76.99
3.15,3.16,-77.03
3.15,2.95,-77.08
3.14,2.69,-77.13
3.13,2.85,-77.17
3.14,3.31,-77.21
3.14,3.08,-77.26
3.13,2.82,-77.31
3.14,3.11,-77.35
3.14,3.13,-77.4
3.13,2.58,-77.44
3.13,3.17,-77.49
3.14,3.35,-77.53
3.15,3.33,-77.58
3.15,2.88,-77.62
3.15,2.94,-77.66
3.14,2.83,-77.71
3.13,2.69,-77.76
3.14,3.27,-77.8
3.15,3.17,-77.84
3.14,2.88,-77.88
3.12,2.35,-77.93
3.11,2.79,-77.97
3.11,2.89,-78.02
3.11,2.84,-78.06
3.1,2.63,-78.11
3.12,3.6,-78.15
3.1,2.42,-78.19
3.11,3.13,-78.23
3.11,3.01,-78.28
3.1,2.79,-78.33
3.09,2.82,-78.38
3.09,3.15,-78.42
3.08,2.53,-78.47
3.07,2.83,-78.51
3.07,3.08,-78.56
3.06,2.62,-78.61
3.06,2.96,-78.65
3.05,2.74,-78.7
3.05,2.98,-78.74
3.05,2.8,-78.79
3.04,2.69,-78.83
3.04,3.13,-78.88
3.05,3.28,-78.92
3.06,3.15,-78.96
3.06,3.2,-79.01
3.06,3.07,-79.06
3.06,2.99,-79.1
3.05,2.7,-79.15
3.06,3.12,-79.19
3.05,2.68,-79.24
3.05,3.0,-79.28
3.06,3.27,-79.33
3.05,2.95,-79.38
3.05,2.9,-79.42
3.05,3.14,-79.47
3.05,3.02,-79.51
3.05,2.94,-79.56
3.05,3.06,-79.6
3.06,3.19,-79.65
3.05,2.81,-79.7
3.05,2.89,-79.74
3.04,2.57,-79.78
3.04,2.88,-79.83
3.04,3.1,-79.87
3.03,2.85,-79.92
3.04,3.42,-79.98
3.04,3.12,-80.03
3.03,2.82,-80.07
3.03,3.12,-80.12
3.04,3.42,-80.16
3.05,3.08,-80.21
3.06,3.3,-80.25
3.05,2.71,-80.3
3.05,3.1,-80.34
3.06,3.23,-80.39
3.06,3.03,-80.44
3.05,2.96,-80.49
3.05,3.23,-80.53
3.05,3.17,-80.58
3.05,3.15,-80.64
3.07,3.46,-80.68
3.07,3.27,-80.73
3.07,2.82,-80.77
3.06,2.85,-80.82
3.06,2.82,-80.86
3.07,3.34,-80.91
3.07,2.93,-80.95
3.05,2.44,-80.99
3.06,3.37,-81.04
3.06,2.91,-81.08
3.07,3.18,-81.13
3.06,2.95,-81.17
3.05,2.57,-81.21
3.04,2.54,-81.26
3.05,3.09,-81.3
3.05,2.82,-81.34
3.05,2.88,-81.38
3.04,2.83,-81.43
3.04,3.11,-81.48
3.04,3.13,-81.53
3.04,3.05,-81.58
3.03,2.65,-81.62
3.02,2.87,-81.67
3.02,2.97,-81.72
3.02,3.21,-81.76
3.03,3.11,-81.81
3.03,3.05,-81.86
3.03,3.09,-81.9
3.02,2.79,-81.95
3.02,2.85,-82.0
3.0,2.64,-82.04
3.01,3.14,-82.09
3.01,3.04,-82.13
3.01,3.05,-82.18
3.0,2.62,-82.22
3.0,3.09,-82.27
3.01,3.27,-82.32
3.02,3.14,-82.36
3.02,3.14,-82.41
3.0,2.55,-82.45
3.01,3.25,-82.5
3.01,2.86,-82.55
3.01,2.95,-82.59
3.01,3.26,-82.64
3.02,3.23,-82.68
3.03,3.25,-82.73
3.03,3.21,-82.78
3.04,3.22,-82.82
3.04,3.11,-82.86
3.05,3.31,-82.92
3.04,2.84,-82.96
3.05,3.02,-83.0
3.04,2.74,-83.05
3.04,3.0,-83.09
3.04,3.13,-83.14
3.04,2.96,-83.19
3.04,3.02,-83.23
3.04,2.9,-83.28
3.03,2.93,-83.32
3.03,2.66,-83.37
3.03,3.31,-83.41
3.02,2.66,-83.46
3.01,2.8,-83.5
3.01,2.81,-83.56
3.01,3.17,-83.6
3.01,3.1,-83.65
3.01,2.91,-83.69
3.01,3.14,-83.74
3.02,3.12,-83.78
3.01,2.77,-83.83
3.01,2.88,-83.88
3.0,2.78,-83.92
2.99,2.81,-83.97
2.99,2.97,-84.02
2.99,2.94,-84.06
2.99,2.84,-84.1
2.99,3.05,-84.15
2.99,2.84,-84.2
2.98,2.72,-84.24
2.98,2.98,-84.28
2.98,3.05,-84.33
2.98,2.76,-84.37
2.98,2.86,-84.42
2.98,3.14,-84.46
2.99,3.06,-84.51
2.97,2.52,-84.55
2.98,3.24,-84.6
2.98,2.96,-84.64
2.98,3.0,-84.69
2.99,3.18,-84.73
2.99,3.03,-84.78
2.99,2.99,-84.82
2.99,3.11,-84.87
2.98,2.56,-84.92
2.98,3.08,-84.96
2.99,3.08,-85.01
2.99,2.99,-85.05
2.98,2.75,-85.09
2.98,3.01,-85.14
2.98,2.96,-85.19
2.98,2.9,-85.24
2.98,3.28,-85.28
2.97,2.63,-85.33
2.98,3.37,-85.37
2.98,2.99,-85.42
3.0,3.36,-85.46
2.98,2.59,-85.51
2.98,2.82,-85.56
2.98,2.87,-85.61
2.98,2.99,-85.65
2.98,3.06,-85.69
2.97,2.88,-85.74
2.99,3.59,-85.78
2.99,2.92,-85.84
2.97,2.56,-85.88
2.96,2.68,-85.93
2.96,2.74,-85.97
2.95,2.86,-86.02
2.97,3.37,-86.06
2.97,3.15,-86.11
2.98,3.23,-86.16
2.98,3.16,-86.2
2.99,3.19,-86.25
2.98,2.82,-86.3
2.99,3.17,-86.34
2.98,2.67,-86.39
2.98,3.16,-86.43
2.98,2.77,-86.48
2.98,3.13,-86.53
2.98,3.04,-86.57
2.98,2.92,-86.62
2.96,2.45,-86.67
2.95,2.63,-86.71
2.96,3.08,-86.75
2.95,2.78,-86.8
2.96,3.05,-86.85
2.95,2.86,-86.89
2.94,2.62,-86.94
2.95,3.06,-86.98
2.94,2.64,-87.03
2.93,2.75,-87.07
2.94,3.06,-87.12
2.95,3.31,-87.17
2.95,3.08,-87.21
2.95,2.9,-87.25
2.95,2.94,-87.3
2.95,2.74,-87.34
2.96,3.33,-87.38
2.96,3.09,-87.43
2.96,3.1,-87.48
2.97,3.01,-87.53
2.96,2.8,-87.57
2.97,3.11,-87.61
2.97,2.91,-87.66
2.96,2.67,-87.7
2.96,2.9,-87.75
2.96,3.1,-87.8
2.97,3.29,-87.84
2.97,3.03,-87.89
2.97,2.94,-87.94
2.97,2.96,-87.98
2.96,2.65,-88.02
2.95,2.69,-88.07
2.96,3.23,-88.12
2.95,2.73,-88.17
2.95,2.87,-88.21
2.95,2.99,-88.25
2.95,2.89,-88.3
2.94,2.59,-88.35
2.95,3.3,-88.39
2.94,2.92,-88.44
2.94,2.82,-88.49
2.94,2.89,-88.54
2.93,2.89,-88.58
2.94,2.99,-88.62
2.95,3.36,-88.67
2.96,3.28,-88.71
2.98,3.52,-88.76
2.96,2.48,-88.81
2.96,2.97,-88.85
2.96,3.05,-88.9
2.97,3.19,-88.95
2.97,2.86,-88.99
2.97,3.05,-89.03
2.97,3.05,-89.08
2.98,3.17,-89.12
2.97,2.75,-89.17
2.97,2.75,-89.22
2.97,2.98,-89.26
2.97,3.09,-89.3
2.97,2.82,-89.34
2.97,2.99,-89.4
2.97,2.87,-89.44
2.97,3.18,-89.49
2.98,3.21,-89.53
2.98,3.11,-89.58
2.99,3.27,-89.62
2.99,3.07,-89.67
3.0,3.33,-89.72
2.99,2.56,-89.76
2.99,2.87,-89.81
2.99,3.0,-89.85
3.0,3.31,-89.9
3.0,2.94,-89.94
3.01,3.06,-89.98
3.01,3.04,-90.03
3.01,3.16,-90.07
3.0,2.73,-90.12
3.0,2.78,-90.16
3.0,3.15,-90.21
3.0,2.88,-90.25
2.99,2.81,-90.3
3.0,3.23,-90.34
3.01,3.32,-90.39
3.0,2.43,-90.43
2.99,2.85,-90.48
2.99,2.9,-90.52
2.99,2.99,-90.56
2.98,2.62,-90.61
2.98,2.93,-90.65
2.97,2.54,-90.7
2.97,3.15,-90.75
2.97,2.96,-90.8
2.97,2.87,-90.84
2.95,2.5,-90.89
2.95,3.08,-90.93
2.95,2.69,-90.98
2.95,3.08,-91.03
2.96,3.43,-91.08
2.96,2.8,-91.12
2.95,2.61,-91.16
2.95,3.13,-91.21
2.95,3.06,-91.26
2.95,2.72,-91.3
2.95,3.09,-91.35
2.95,3.04,-91.39
2.95,3.1,-91.44
2.95,2.89,-91.49
2.94,2.61,-91.53
2.95,3.27,-91.58
2.95,3.03,-91.62
2.96,3.2,-91.67
2.96,2.9,-91.72
2.95,2.89,-91.76
2.95,2.69,-91.81
2.96,3.31,-91.85
2.95,2.67,-91.9
2.96,3.06,-91.94
2.95,2.8,-91.99
2.93,2.3,-92.03
2.94,3.26,-92.08
2.95,3.11,-92.12
2.94,2.69,-92.17
2.93,2.85,-92.22
2.93,2.73,-92.26
2.93,3.2,-92.31
2.93,2.85,-92.36
2.93,2.86,-92.4
2.91,2.46,-92.45
2.91,2.92,-92.5
2.91,2.72,-92.54
2.9,2.81,-92.58
2.9,2.66,-92.63
2.9,2.93,-92.68
2.89,2.61,-92.72
2.9,3.05,-92.76
2.89,2.71,-92.81
2.88,2.59,-92.85
2.9,3.46,-92.9
2.89,2.89,-92.95
2.89,2.88,-92.99
2.88,2.69,-93.04
2.88,2.75,-93.09
2.87,2.91,-93.14
2.87,2.76,-93.18
2.87,2.99,-93.23
2.87,2.91,-93.27
2.87,2.9,-93.32
2.87,2.78,-93.37
2.86,2.78,-93.41
2.85,2.64,-93.46
2.85,2.62,-93.5
2.84,2.67,-93.55
2.86,3.43,-93.6
2.86,2.96,-93.65
2.87,3.21,-93.69
2.87,2.83,-93.74
2.87,2.98,-93.78
2.88,3.06,-93.82
2.89,3.52,-93.87
2.89,2.78,-93.91
2.9,2.96,-93.96
2.9,3.09,-94.0
2.91,3.24,-94.05
2.92,3.34,-94.09
2.92,2.82,-94.14
2.92,2.84,-94.19
2.92,3.05,-94.23
2.92,3.13,-94.28
2.94,3.38,-94.32
2.94,3.1,-94.37
2.96,3.44,-94.42
2.95,2.86,-94.46
2.95,2.97,-94.51
2.95,2.73,-94.55
2.95,3.02,-94.61
2.93,2.45,-94.65
2.93,2.84,-94.69
2.93,2.98,-94.74
2.92,2.69,-94.79
2.91,2.6,-94.83
2.92,3.29,-94.88
2.93,3.26,-94.93
2.94,3.03,-94.97
2.93,2.77,-95.02
2.93,2.72,-95.06
2.93,2.96,-95.11
2.91,2.55,-95.15
2.91,2.75,-95.2
2.91,2.92,-95.25
2.92,3.4,-95.29
2.93,3.06,-95.34
2.93,3.08,-95.38
2.93,2.81,-95.42
2.93,2.89,-95.47
2.93,2.91,-95.51
2.93,2.81,-95.56
2.92,2.68,-95.61
2.92,2.72,-95.65
2.91,2.7,-95.7
2.91,3.06,-95.74
2.9,2.59,-95.78
2.9,2.76,-95.83
2.9,2.87,-95.88
2.92,3.48,-95.92
2.91,2.68,-95.96
2.92,3.06,-96.01
2.92,2.83,-96.05
2.92,3.01,-96.1
2.92,2.83,-96.14
2.91,2.93,-96.19
2.91,2.84,-96.24
2.91,2.82,-96.29
2.9,2.78,-96.33
2.89,2.87,-96.38
2.89,2.89,-96.43
2.88,2.72,-96.48
2.87,2.38,-96.53
2.84,2.17,-96.58
2.85,3.14,-96.62
2.85,2.91,-96.67
2.86,3.25,-96.72
2.85,2.51,-96.76
2.92,5.04,-96.8
2.92,2.87,-96.84
2.92,2.93,-96.9
2.91,2.74,-96.94
2.91,2.76,-96.99
2.9,2.94,-97.03
2.9,2.85,-97.08
2.91,3.18,-97.13
2.91,2.84,-97.17
2.9,2.56,-97.22
2.9,2.98,-97.27
2.89,2.85,-97.32
2.9,3.06,-97.36
2.9,2.96,-97.4
2.9,2.78,-97.45
2.9,2.8,-97.49
2.89,2.72,-97.54
2.9,3.01,-97.58
2.9,3.04,-97.63
2.9,2.88,-97.67
2.91,3.12,-97.72
2.91,2.83,-97.76
2.91,3.02,-97.81
2.93,3.53,-97.86
2.93,3.17,-97.91
2.94,3.04,-97.95
2.93,2.78,-97.99
2.92,2.47,-98.04
2.92,2.86,-98.08
2.92,2.99,-98.13
2.92,2.96,-98.18
2.92,3.02,-98.23
2.94,3.45,-98.27
2.93,2.65,-98.31
2.93,2.82,-98.36
2.91,2.54,-98.41
2.91,2.77,-98.45
2.91,2.85,-98.5
2.92,3.32,-98.55
2.9,2.42,-98.59
2.92,3.28,-98.64
2.92,2.92,-98.68
2.91,2.77,-98.72
2.91,2.84,-98.77
2.91,3.04,-98.82
2.91,2.9,-98.87
2.9,2.76,-98.91
2.91,2.94,-98.96
2.91,2.93,-99.01
2.91,3.07,-99.05
2.92,3.28,-99.1
2.91,2.66,-99.15
2.91,2.89,-99.2
2.91,2.77,-99.24
2.9,2.47,-99.28
2.9,3.01,-99.33
2.89,2.5,-99.38
2.89,3.08,-99.42
2.89,2.78,-99.46
2.89,2.84,-99.51
2.88,2.7,-99.55
2.88,2.83,-99.6
2.89,3.15,-99.65
2.89,2.87,-99.69
2.87,2.14,-99.73
2.87,2.83,-99.78
2.87,2.86,-99.83
2.88,3.19,-99.87
2.88,3.14,-99.92
2.86,2.15,-99.96
2.86,2.88,-100.01
2.86,3.04,-100.06
2.87,3.12,-100.11
2.87,2.98,-100.15
2.87,2.93,-100.21
2.87,2.75,-100.25
2.88,3.09,-100.3
2.89,3.16,-100.35
2.88,2.76,-100.4
2.88,2.91,-100.45
2.88,2.85,-100.5
2.87,2.77,-100.54
2.89,3.4,-100.59
2.9,3.44,-100.65
2.91,3.18,-100.69
2.93,3.4,-100.74
2.93,2.94,-100.79
2.94,3.18,-100.84
2.94,2.93,-100.89
2.94,3.15,-100.94
2.94,2.99,-100.98
2.94,2.88,-101.03
2.94,3.07,-101.08
2.95,3.04,-101.13
2.94,2.52,-101.18
2.93,2.65,-101.22
2.92,2.7,-101.27
2.93,3.16,-101.32
2.93,2.83,-101.37
2.93,2.99,-101.42
2.91,2.51,-101.47
2.91,2.7,-101.52
2.9,2.8,-101.57
2.9,3.01,-101.62
2.89,2.41,-101.66
2.9,3.38,-101.72
2.9,3.08,-101.77
2.89,2.6,-101.81
2.89,2.61,-101.86
2.89,2.94,-101.91
2.88,2.74,-101.96
2.88,2.84,-102.01
2.88,2.79,-102.05
2.87,2.56,-102.11
2.87,3.06,-102.16
2.88,3.12,-102.2
2.88,2.85,-102.25
2.87,2.82,-102.3
2.87,2.74,-102.35
2.87,2.97,-102.4
2.87,2.79,-102.45
2.86,2.83,-102.5
2.86,2.74,-102.55
2.86,2.87,-102.6
2.85,2.57,-102.65
2.86,3.07,-102.69
2.85,2.73,-102.75
2.86,2.94,-102.79
2.85,2.67,-102.84
2.85,2.88,-102.88
2.85,2.81,-102.93
2.85,2.78,-102.98
2.85,3.03,-103.03
2.84,2.6,-103.08
2.84,2.76,-103.13
2.86,3.36,-103.18
2.85,2.58,-103.23
2.84,2.74,-103.28
2.84,2.72,-103.32
2.83,2.73,-103.38
2.83,2.72,-103.43
2.85,3.66,-103.47
2.85,2.64,-103.52
2.86,3.04,-103.57
2.85,2.68,-103.61
2.86,3.09,-103.66
2.85,2.69,-103.71
2.85,2.88,-103.76
2.85,2.77,-103.81
2.84,2.76,-103.86
2.86,3.46,-103.9
2.86,2.9,-103.95
2.86,2.6,-104.0
2.85,2.66,-104.05
2.86,3.15,-104.1
2.86,2.81,-104.14
2.87,3.05,-104.19
2.87,2.88,-104.24
2.87,2.94,-104.29
2.87,2.79,-104.34
2.89,3.54,-104.39
2.88,2.8,-104.44
2.87,2.62,-104.49
2.88,3.07,-104.53
2.88,3.03,-104.58
2.9,3.3,-104.63
2.91,3.27,-104.68
2.91,2.87,-104.72
2.91,2.86,-104.77
2.9,2.77,-104.82
2.92,3.32,-104.87
2.92,3.02,-104.92
2.93,3.34,-104.96
2.93,2.94,-105.01
2.93,2.68,-105.07
2.94,3.26,-105.11
2.93,2.66,-105.16
2.91,2.43,-105.21
2.92,2.96,-105.26
2.91,2.8,-105.31
2.91,2.77,-105.35
2.92,3.26,-105.4
2.91,2.7,-105.45
2.9,2.37,-105.5
2.9,2.99,-105.54
2.92,3.42,-105.59
2.93,3.2,-105.64
2.92,2.89,-105.69
2.92,2.88,-105.74
2.92,2.82,-105.78
2.91,2.64,-105.83
2.9,2.56,-105.89
2.9,2.72,-105.93
2.89,2.62,-105.98
2.89,2.8,-106.03
2.88,2.77,-106.08
2.88,2.92,-106.13
2.88,2.72,-106.18
2.87,2.74,-106.22
2.86,2.49,-106.27
2.86,2.81,-106.32
2.87,3.11,-106.37
2.86,2.71,-106.42
2.86,2.79,-106.46
2.85,2.56,-106.51
2.85,2.6,-106.56
2.86,3.3,-106.61
2.85,2.66,-106.65
2.86,3.02,-106.7
2.87,3.23,-106.75
2.85,2.1,-106.8
2.85,2.93,-106.85
2.84,2.67,-106.89
2.84,2.81,-106.94
2.85,2.98,-106.99
2.85,2.9,-107.04
2.85,2.88,-107.08
2.86,3.06,-107.14
2.86,3.01,-107.18
2.85,2.55,-107.23
2.85,2.97,-107.28
2.85,2.98,-107.33
2.85,2.81,-107.38
2.85,3.05,-107.43
2.85,2.81,-107.48
2.86,3.04,-107.53
2.86,2.95,-107.58
2.86,2.9,-107.63
2.86,2.95,-107.68
2.86,2.75,-107.72
2.86,3.07,-107.78
2.86,2.81,-107.83
2.86,2.73,-107.87
2.85,2.93,-107.92
2.85,2.77,-107.98
2.86,3.2,-108.02
2.87,2.95,-108.07
2.86,2.69,-108.11
2.87,3.03,-108.17
2.87,2.93,-108.22
2.87,3.05,-108.26
2.86,2.43,-108.31
2.86,2.87,-108.36
2.86,2.9,-108.41
2.85,2.78,-108.46
2.85,2.8,-108.51
2.86,3.17,-108.56
2.86,2.93,-108.61
2.87,3.01,-108.66
2.88,3.2,-108.7
2.89,3.26,-108.75
2.9,3.21,-108.8
2.9,2.79,-108.85
2.89,2.49,-108.9
2.9,3.23,-108.94
2.89,2.61,-108.99
2.89,3.05,-109.04
2.89,2.88,-109.09
2.89,2.85,-109.14
2.88,2.47,-109.19
2.87,2.61,-109.24
2.87,3.04,-109.29
2.87,2.9,-109.34
2.88,2.94,-109.38
2.88,3.14,-109.44
2.89,3.09,-109.49
2.88,2.61,-109.53
2.88,2.68,-109.58
2.87,2.73,-109.62
2.87,2.58,-109.67
2.86,2.6,-109.72
2.86,2.82,-109.77
2.87,3.23,-109.81
2.86,2.55,-109.87
2.86,2.79,-109.91
2.85,2.74,-109.96
2.87,3.38,-110.01
2.86,2.65,-110.06
2.86,2.86,-110.11
2.85,2.51,-110.16
2.84,2.52,-110.2
2.84,2.73,-110.25
2.84,2.86,-110.3
2.84,2.93,-110.35
2.83,2.5,-110.39
2.83,2.81,-110.44
2.83,3.04,-110.49
2.83,2.86,-110.54
2.83,2.67,-110.59
2.83,2.72,-110.64
2.83,3.06,-110.69
2.83,2.73,-110.73
2.82,2.6,-110.78
2.84,3.42,-110.83
2.85,3.22,-110.87
2.85,2.78,-110.93
2.85,2.91,-110.98
2.86,3.0,-111.02
2.86,3.04,-111.07
2.87,3.14,-111.12
2.88,3.14,-111.17
2.87,2.78,-111.22
2.87,2.8,-111.27
2.87,2.89,-111.32
2.88,3.13,-111.37
2.87,2.74,-111.42
2.88,3.0,-111.46
2.88,2.87,-111.51
2.87,2.58,-111.57
2.86,2.81,-111.61
2.87,3.13,-111.66
2.87,2.85,-111.71
2.86,2.55,-111.76
2.87,3.11,-111.81
2.86,2.68,-111.85
2.85,2.61,-111.9
2.86,2.94,-111.96
2.85,2.79,-112.0
2.86,3.21,-112.05
2.86,2.74,-112.1
2.87,3.12,-112.15
